ticker,fetched_on,company_name,sector,yf_industry,market_cap,pe,forward_pe,pb,roe,roa,debt_to_equity,earnings_growth,revenue_growth,profit_margin,operating_margin,dividend_yield,beta,current_ratio,promoter_holding,institutional_holding,analyst_target,analyst_rating,analyst_view,analyst_count,earnings_ts
3MINDIA.NS,2026-09-26,3M India Limited,Industrials,Conglomerates,382167515136.0,66.22096,43.650284,21.61398,,,9.6,0.312,0.19,0.10865,0.15554,0.46,0.265,,0.7648,0.0963,37500.0,,none,1.0,
ABFRL.NS,2026-09-26,Aditya Birla Fashion and Retail Limited,Consumer Cyclical,Apparel Manufacturing,59792433152.0,,-8.608381,1.0241767,,,98.822,,0.106,-0.09308,-0.114930004,,0.006,,0.55489,0.12954001,66.33333,,none,15.0,1786183200.0
ABLBL.NS,2026-09-26,Aditya Birla Lifestyle Brands Limited,Consumer Cyclical,Apparel Retail,95616319488.0,53.91781,25.393549,6.8038034,,,213.719,0.2,0.111,0.02046,0.050819997,0.64,,,0.57171,0.23617001,138.7,,none,10.0,
BAYERCROP.NS,2026-09-26,Bayer CropScience Limited,Basic Materials,Agricultural Inputs,167076724736.0,22.821363,19.81458,5.633632,,,2.758,0.154,-0.042,0.13084,0.17302,4.01,0.223,,0.71707,0.119890004,5126.4287,,none,7.0,1785924000.0
BLUEDART.NS,2026-09-26,Blue Dart Express Limited,Industrials,Integrated Freight & Logistics,112624640000.0,39.298725,25.744892,6.337759,,,64.266,0.812,0.15,0.04516,0.074939996,0.52,0.219,,0.76188004,0.1664,5944.0,,none,5.0,
BLUEJET.NS,2026-09-26,Blue Jet Healthcare Limited,Healthcare,Biotechnology,98988048384.0,42.176647,29.272224,7.2789774,,,3.102,-0.143,-0.174,0.26523,0.31172,0.21,0.616,,0.76015997,0.05909,568.0,2.4,buy,5.0,
BIKAJI.NS,2026-09-26,Bikaji Foods International Limited,Consumer Defensive,Packaged Foods,143910158336.0,55.7233,41.10318,8.9552355,,,17.531,0.004,0.125,0.08406,0.09911,0.22,0.23,,0.73877996,0.19578,746.8182,,none,11.0,
BBTC.NS,2026-09-26,The Bombay Burmah Trading Corporation Limited,Consumer Defensive,Packaged Foods,100136632320.0,7.7641325,3.84257,1.4219953,,,16.57,0.197,0.078,0.063829996,0.15586,2.37,0.607,,0.75236,0.06965,,,none,,
MAPMYINDIA.NS,2026-09-26,C. E. Info Systems Limited,Technology,Software - Infrastructure,48293777408.0,35.05167,21.419207,5.3366337,,,0.778,0.079,0.149,0.28,0.33617002,0.4,-0.0,,0.69431,0.13713999,1226.8334,,none,6.0,
CHALET.NS,2026-09-26,Chalet Hotels Limited,Consumer Cyclical,Lodging,193010466816.0,36.525074,27.963474,5.2155824,,,64.041,-0.577,-0.427,0.2212,0.33731,0.22,-0.045,,0.67401004,0.28509,1015.8095,1.19048,strong_buy,21.0,
DCMSHRIRAM.NS,2026-09-26,DCM Shriram Limited,Industrials,Conglomerates,150875045888.0,10.601741,22.737457,2.0193834,,,37.802,5.11,0.093,0.103520006,0.05841,1.64,-0.377,,0.75839996,0.09324,,,none,,
ERIS.NS,2026-09-26,Eris Lifesciences Limited,Healthcare,Drug Manufacturers - Specialty & Generic,174657994752.0,26.836496,21.759361,4.40972,,,60.545,0.188,0.126,0.20045,0.25792998,1.13,-0.048,,0.69837,0.22327,1661.2,,none,10.0,
GODIGIT.NS,2026-09-26,Go Digit General Insurance Limited,Financial Services,Insurance - Property & Casualty,234545397760.0,47.5985,28.760553,5.0053267,,,7.469,-0.376,0.086,0.04828,0.047399998,,0.23,,0.74514,0.17848,332.0,,none,9.0,
INDGN.NS,2026-09-26,Indegene Limited,Healthcare,Health Information Services,146640011264.0,35.715546,22.405249,4.6738048,,,5.043,-0.002,0.397,0.10515001,0.122379996,0.38,0.745,,0.55667,0.28173,637.875,1.625,buy,8.0,
JSWDULUX.NS,2026-09-26,JSW Dulux Limited,Basic Materials,Specialty Chemicals,145710792704.0,7.423666,32.270298,5.9435,,,3.226,0.489,-0.03,0.53735,0.098129995,1.6,0.179,,0.62216,0.28685,3399.0,,none,2.0,
JUBLPHARMA.NS,2026-09-26,Jubilant Pharmova Limited,Healthcare,Drug Manufacturers - Specialty & Generic,169783115776.0,48.069508,21.205736,2.3937392,,,50.943,-0.45,0.173,0.040900003,0.05414,0.47,0.494,,0.56228,0.24102,1088.5,,none,2.0,1786356000.0
LATENTVIEW.NS,2026-09-26,Latent View Analytics Limited,Industrials,Consulting Services,50476535808.0,26.041668,18.89535,2.873631,,,1.863,-0.053,0.215,0.17536,0.15856,,0.434,,0.71347,0.03442,317.0,,none,5.0,
THELEELA.NS,2026-09-26,Leela Palaces Hotels & Resorts Limited,Consumer Cyclical,Lodging,182391111680.0,39.376354,29.812462,2.8310251,,,28.065,3.867,0.281,0.27621,0.31457,,,,0.75907,0.12542,613.2778,1.27778,strong_buy,18.0,
NEWGEN.NS,2026-09-26,Newgen Software Technologies Limited,Technology,Software - Infrastructure,68504707072.0,21.880072,16.597126,3.8543096,,,2.214,0.278,0.112,0.19478,0.13094,1.22,0.53,,0.63402003,0.08765,615.0,,none,6.0,
NIVABUPA.NS,2026-09-26,Niva Bupa Health Insurance Company Limited,Financial Services,Insurance - Life,142774075392.0,72.82076,22.776026,3.7212555,0.121350005,,6.799,0.897,0.279,0.04814,0.07807,,,1358.161,0.76126,0.15776,99.09091,,none,11.0,
PFIZER.NS,2026-09-26,Pfizer Limited,Healthcare,Drug Manufacturers - General,183027531776.0,25.189196,19.549475,4.3547926,,,1.671,0.066,0.083,0.28608,0.35718,1.85,0.117,,0.66955,0.1585,6008.5,,none,4.0,1785232800.0
SBFC.NS,2026-09-26,SBFC Finance Limited,Financial Services,Credit Services,98484699136.0,20.380733,14.502451,2.637578,,,195.685,0.286,0.246,0.44877997,0.58551,,0.597,,0.61469,0.26108998,120.71429,,none,7.0,
SAPPHIRE.NS,2026-09-26,Sapphire Foods India Limited,Consumer Cyclical,Restaurants,71948304384.0,,94.487755,5.167903,,,102.058,,0.147,-0.0049799997,0.047620002,,0.337,,0.26121,0.68042,254.55,1.7619,buy,20.0,
SAREGAMA.NS,2026-09-26,Saregama India Limited,Communication Services,Entertainment,95384666112.0,43.171154,31.7508,5.7335057,,,4.281,0.416,0.275,0.21314,0.26434,1.81,0.617,,0.64698,0.121479996,632.5,,none,4.0,
SONATSOFTW.NS,2026-09-26,Sonata Software Limited,Technology,Information Technology Services,77474766848.0,16.74043,13.360381,4.067723,,,37.962,-0.008,0.106,0.04205,0.04341,2.88,0.376,,0.41900003,0.30785,325.14285,,none,7.0,1786010400.0
SPLPETRO.NS,2026-09-26,Supreme Petrochem Limited,Basic Materials,Specialty Chemicals,165476384768.0,34.134987,35.05976,6.9630165,,,5.61,1.935,0.237,0.084809996,0.17762,1.19,-0.053,,0.66183,0.066939995,805.0,3.0,hold,2.0,
TRAVELFOOD.NS,2026-09-26,Travel Food Services Limited,Consumer Cyclical,Restaurants,159803932672.0,33.6467,28.533575,11.078444,,,16.722,0.381,0.206,0.27594,0.2662,0.84,,,0.86171997,0.091450006,1573.25,,none,4.0,
AIAENG.NS,2026-10-06,AIA Engineering Limited,Industrials,Specialty Industrial Machinery,,28.752327,25.275179,4.490352,,,0.128,-0.013,0.124,0.27836,0.23876,0.41,0.246,,0.58527,0.34658,4847.385,2.0,buy,13.0,1786528800.0
ACMESOLAR.NS,2026-10-06,ACME Solar Holdings Limited,Utilities,Utilities - Renewable,311580459008.0,45.526318,17.72111,5.279377,,,393.194,0.715,0.468,0.21146,0.67576,0.05,,,0.71656,0.19931,428.63635,,none,11.0,
AWL.NS,2026-10-06,AWL Agri Business Limited,Consumer Defensive,Packaged Foods,240226402304.0,20.800896,17.772766,2.303595,,,10.621,0.473,0.175,0.01487,0.02875,0.57,-0.151,,0.68683,0.14826,269.83334,2.16667,buy,6.0,
ACC.NS,2026-10-06,ACC Limited,Basic Materials,Building Materials,221588979712.0,11.654321,12.0155945,1.0782636,,,2.085,-0.606,-0.038,0.07563,0.03375,0.63,0.34,,0.57512003,0.22799999,1518.4584,2.68,hold,24.0,1784887200.0
APLAPOLLO.NS,2026-10-06,APL Apollo Tubes Limited,Basic Materials,Steel,593911349248.0,48.317142,33.605446,11.215041,,,9.396,0.11,0.085,0.052259997,0.06276,0.4,0.331,,0.3691,0.43910998,2262.5264,1.42105,strong_buy,19.0,1785578400.0
360ONE.NS,2026-10-06,360 One Wam Limited,Financial Services,Asset Management,436386627584.0,35.57699,26.1366,4.4109464,,,161.977,0.128,0.299,0.26455998,0.6107,1.14,0.473,,0.14709,0.66563004,1310.1,1.2,strong_buy,10.0,1784196000.0
ABB.NS,2026-10-06,ABB India Limited,Industrials,Specialty Industrial Machinery,1505608990720.0,96.78517,67.7439,16.127531,0.19131,0.07907,1.547,0.03,0.121,0.21349001,0.11459,0.43,0.488,2.193,0.76342005,0.12599,7041.6787,3.32143,hold,28.0,1785492000.0
ABBOTINDIA.NS,2026-10-06,Abbott India Limited,Healthcare,Drug Manufacturers - Specialty & Generic,556519194624.0,35.25611,28.96995,11.656833,,,3.602,0.171,0.043,0.23052,0.27719998,2.0,0.057,,0.75539,0.06842,32206.125,1.875,buy,8.0,1786528800.0
AAVAS.NS,2026-10-06,Aavas Financiers Limited,Financial Services,Mortgage Finance,95708250112.0,14.3451395,10.463488,1.8924665,,,310.553,0.233,0.169,0.42543998,0.54527,0.0,0.555,,0.50767,0.30773002,1672.45,2.0,buy,20.0,
ACUTAAS.NS,2026-10-06,Acutaas Chemicals Limited,Basic Materials,Specialty Chemicals,258573565952.0,67.197876,43.02933,15.640956,,,2.081,0.671,0.591,0.26421,0.31319,0.08,0.023,,0.38307,0.28225002,3316.2222,2.0,buy,9.0,
AARTIIND.NS,2026-10-06,Aarti Industries Limited,Basic Materials,Specialty Chemicals,174115864576.0,33.264034,23.906443,2.9136646,,,83.392,2.58,0.425,0.05901,0.08881,0.21,0.651,,0.42148,0.23872,534.04346,,none,23.0,1785405600.0
AADHARHFC.NS,2026-10-06,Aadhar Housing Finance Limited,Financial Services,Mortgage Finance,199315439616.0,17.857424,12.25703,2.626911,,,255.574,0.184,0.196,0.48151,0.61723,0.0,0.409,,0.746,0.113859996,605.7692,1.07692,strong_buy,13.0,
ACE.NS,2026-10-06,Action Construction Equipment Limited,Industrials,Farm & Heavy Construction Machinery,147975471104.0,34.29517,26.394905,7.3567348,,,0.393,0.223,0.205,0.12796,0.13842,0.16,0.401,,0.66814005,0.07512,1320.0,1.0,strong_buy,1.0,
ADANIENSOL.NS,2026-10-06,Adani Energy Solutions Limited,Utilities,Utilities - Independent Power Producers,1649765646336.0,55.514404,36.825356,6.373128,,,194.5,1.241,0.424,0.095769994,0.24952,0.0,0.659,,0.73388,0.22045,1748.2222,1.88889,buy,9.0,1792663200.0
ADANIENT.NS,2026-10-06,Adani Enterprises Limited,Energy,Thermal Coal,3845925896192.0,45.785656,43.150063,4.538114,,,119.56,,0.499,0.06546,0.09395,0.05,0.781,,0.74998003,0.18267,3773.0,,none,4.0,1793181600.0
ADANIGREEN.NS,2026-10-06,Adani Green Energy Limited,Utilities,Utilities - Renewable,2149564940288.0,125.00001,43.74452,11.14337,,,346.548,0.185,0.166,0.13095,0.6678,0.0,1.081,,0.82274,0.14185001,1577.3,,none,10.0,1792576800.0
ADANIPORTS.NS,2026-10-06,Adani Ports and Special Economic Zone Limited,Industrials,Marine Shipping,4104502902784.0,30.406212,22.788422,4.2773623,,,64.051,0.024,0.186,0.32431,0.4463,0.42,0.48,,0.66060996,0.23292999,2047.0834,1.33333,strong_buy,24.0,1793181600.0
ATGL.NS,2026-10-06,Adani Total Gas Limited,Utilities,Utilities - Regulated Gas,645203623936.0,102.02609,,13.262722,,,58.65,-0.14,0.272,0.100839995,0.11602,0.04,0.601,,0.79767996,0.07401,,,none,,1784628000.0
AUBANK.NS,2026-10-06,AU Small Finance Bank Limited,Financial Services,Banks - Regional,769125515264.0,27.100609,16.765661,3.840426,,,,0.351,0.298,0.25577998,0.35311002,0.1,0.576,,0.31408,0.49469003,1121.1034,2.28571,buy,29.0,1784973600.0
ABREL.NS,2026-10-06,Aditya Birla Real Estate Limited,Real Estate,Real Estate Services,119213965312.0,,18.446545,3.2222874,,,152.371,,0.297,-0.25416002,-0.38474998,0.23,0.494,,0.54152,0.21323,1872.5834,,none,12.0,
ABCAPITAL.NS,2026-10-06,Aditya Birla Capital Limited,Financial Services,Financial Conglomerates,1026973171712.0,24.075739,14.7857275,2.854512,,,495.936,0.391,0.314,0.119449995,0.17869,0.0,0.704,,0.68714994,0.15693,468.2857,1.14286,strong_buy,14.0,1785492000.0
ADANIPOWER.NS,2026-10-06,Adani Power Limited,Utilities,Utilities - Independent Power Producers,3890108694528.0,27.296347,25.428823,5.9905562,,,82.332,0.444,0.34,0.24148001,0.35876998,0.0,0.443,,0.71742994,0.19058001,252.45454,1.54545,buy,11.0,1792749600.0
ABSLAMC.NS,2026-10-06,Aditya Birla Sun Life AMC Limited,Financial Services,Asset Management,292268900352.0,29.02299,23.26101,7.2171726,,,1.577,0.113,0.106,0.47594002,0.65116,2.48,0.37,,0.44801,0.44771,1146.7142,2.07143,buy,14.0,
CPPLUS.NS,2026-10-06,Aditya Infotech Limited,Industrials,Building Products & Equipment,490262528000.0,97.846306,53.0356,25.09289,,,9.604,3.037,0.895,0.09774,0.13607,0.04,,,0.768,0.14937,3984.3333,1.16667,strong_buy,6.0,
AEGISVOPAK.NS,2026-10-06,Aegis Vopak Terminals Limited,Energy,Oil & Gas Equipment & Services,325694128128.0,129.4934,38.848003,7.5909004,,,84.438,0.304,0.425,0.32126,0.53026,0.07,,,0.87346,0.049039997,327.0,,none,3.0,
AEGISLOG.NS,2026-10-06,Aegis Logistics Limited,Energy,Oil & Gas Refining & Marketing,491154309120.0,40.453888,33.27444,8.111508,,,47.243,2.69,0.371,0.13949001,0.28032,0.99,0.489,,0.67539,0.15745,1330.8,,none,5.0,
AETHER.NS,2026-10-06,Aether Industries Limited,Basic Materials,Specialty Chemicals,240117940224.0,101.86374,61.196827,9.773688,,,18.646,0.341,0.275,0.1912,0.2491,0.0,-0.119,,0.76575,0.11193,1541.2858,2.42857,buy,7.0,
AFCONS.NS,2026-10-06,Afcons Infrastructure Limited,Industrials,Engineering & Construction,89150996480.0,62.63566,16.541061,1.6358593,,,66.542,-0.781,-0.208,0.01286,0.06288,0.83,,,0.58603,0.25819,318.2,2.4,buy,10.0,
AFFLE.NS,2026-10-06,Affle 3i Limited,Communication Services,Advertising Agencies,204115886080.0,42.832253,29.275434,5.576876,,,0.405,0.203,0.204,0.16849001,0.17857,0.0,0.144,,0.74457,0.28666002,1985.5834,1.25,strong_buy,12.0,
ALKEM.NS,2026-10-06,Alkem Laboratories Limited,Healthcare,Drug Manufacturers - Specialty & Generic,627716259840.0,28.941566,23.493256,4.5420527,,,14.267,-0.217,0.109,0.14306,0.17803,0.39,0.294,,0.61409,0.27851,5945.55,2.3,buy,20.0,1786701600.0
AJANTPHARM.NS,2026-10-06,Ajanta Pharma Limited,Healthcare,Drug Manufacturers - Specialty & Generic,444654190592.0,38.155693,30.541582,9.8202305,,,5.874,0.308,0.248,0.19648,0.25195998,1.84,0.224,,0.54291,0.24295999,3808.3845,1.57143,buy,13.0,
ARE&M.NS,2026-10-06,Amara Raja Energy & Mobility Limited,Industrials,Electrical Equipment & Parts,135813963776.0,14.731983,12.700874,1.6769302,,,5.015,0.159,0.239,0.06303,0.05862,1.43,0.858,,0.33269,0.28667998,997.4167,2.92308,hold,12.0,
ABDL.NS,2026-10-06,Allied Blenders and Distillers Limited,Consumer Defensive,Beverages - Wineries & Distilleries,199866875904.0,91.25798,45.804485,12.020961,,,68.251,-0.129,0.061,0.05554,0.09467,0.78,0.75,,0.78959,0.04926,740.9231,1.30769,strong_buy,13.0,
ANANDRATHI.NS,2026-10-06,Anand Rathi Wealth Limited,Financial Services,Asset Management,354763767808.0,76.74569,63.48537,35.541878,,,8.25,0.71,0.521,0.33193,0.48529997,0.33,0.345,,0.2703,0.31190002,1615.0,,none,2.0,
AMBUJACEM.NS,2026-10-06,Ambuja Cements Limited,Basic Materials,Building Materials,904224964608.0,20.605888,25.077286,1.51565,,,1.205,-0.275,-0.077,0.11128,0.07947,0.55,0.203,,0.69352996,0.23007,488.3421,1.97436,buy,38.0,1785232800.0
AMBER.NS,2026-10-06,Amber Enterprises India Limited,Consumer Cyclical,"Furnishings, Fixtures & Appliances",240878862336.0,255.13634,36.164368,5.497973,,,46.566,-0.793,0.127,0.0076099997,0.05243,0.0,0.242,,0.39236,0.4253,8369.565,1.91304,buy,23.0,
ANANTRAJ.NS,2026-10-06,Anant Raj Limited,Real Estate,Real Estate - Development,217365659648.0,37.215034,21.275097,3.7550044,,,11.703,0.134,0.066,0.22770001,0.26478,0.17,0.398,,0.62298,0.10955,680.0,,none,2.0,
ANGELONE.NS,2026-10-06,Angel One Limited,Financial Services,Capital Markets,269073793024.0,26.624435,16.725803,4.3802576,,,129.314,1.0,0.23,0.20698,0.24655001,1.77,0.309,,0.48994,0.22908,361.58334,1.83333,buy,12.0,
ANTHEM.NS,2026-10-06,Anthem Biosciences Limited,Healthcare,Biotechnology,495403532288.0,86.89163,58.347897,16.282656,,,1.772,-0.128,-0.226,0.28691998,0.28832,0.23,,,0.80934995,0.12964,905.125,1.375,strong_buy,8.0,
APARINDS.NS,2026-10-06,APAR Industries Limited,Industrials,Electrical Equipment & Parts,758182379520.0,61.703865,48.14923,13.486127,,,17.716,0.774,0.291,0.04844,0.108009994,0.33,0.163,,0.55689,0.28702,15160.625,1.85714,buy,8.0,
ANURAS.NS,2026-10-06,Anupam Rasayan India Ltd,Basic Materials,Specialty Chemicals,133101846528.0,75.96491,29.325249,3.988469,,,41.317,-0.094,0.348,0.06894,0.16231,0.13,0.13,,0.83936,0.0103400005,1279.1666,2.71429,hold,6.0,
APOLLOHOSP.NS,2026-10-06,Apollo Hospitals Enterprise Limited,Healthcare,Medical Care Facilities,1133166854144.0,55.266476,36.17485,11.953116,,,85.146,0.341,0.206,0.07906,0.12167,0.25,0.175,,0.2839,0.50408,9821.5,1.46667,strong_buy,30.0,1786528800.0
APOLLOTYRE.NS,2026-10-06,Apollo Tyres Limited,Consumer Cyclical,Auto Parts,253253926912.0,14.833272,11.939003,1.5151172,,,21.987,26.6,0.128,0.05829,0.06451,1.49,0.172,,0.4966,0.34209,498.08334,,none,24.0,1786010400.0
APTUS.NS,2026-10-06,Aptus Value Housing Finance India Limited,Financial Services,Mortgage Finance,111990652928.0,11.379644,8.550077,2.212843,,,156.2,0.19,0.168,0.61761004,0.78450996,2.24,0.665,,0.26596,0.49799,336.6875,1.35294,strong_buy,16.0,
ASAHIINDIA.NS,2026-10-06,Asahi India Glass Limited,Consumer Cyclical,Auto Parts,242550489088.0,55.510506,41.010777,6.164676,,,55.868,1.532,0.15,0.08457,0.17254,0.21,0.377,,0.67417,0.09908,1050.0,,none,1.0,
ASHOKLEY.NS,2026-10-06,Ashok Leyland Limited,Industrials,Farm & Heavy Construction Machinery,,25.880068,18.747133,6.3189807,,,344.737,0.01,0.116,0.06021,0.19645001,2.29,0.489,,0.36363998,0.31520998,189.30302,2.02857,buy,33.0,1786701600.0
ASIANPAINT.NS,2026-10-06,Asian Paints Limited,Basic Materials,Specialty Chemicals,2296528240640.0,48.220615,39.51034,10.751906,,,17.847,0.399,0.179,0.12813,0.17687,1.16,0.298,,0.52902,0.27117002,3009.8235,2.38235,buy,34.0,1785319200.0
ASTERDM.NS,2026-10-06,Aster DM Quality Care Limited,Healthcare,Medical Care Facilities,595744522240.0,107.969986,34.277115,7.696943,,,45.921,-0.814,0.216,0.065359995,0.1488,0.58,-0.084,,0.64261,0.21004999,928.0833,1.66667,buy,12.0,
ASTRAL.NS,2026-10-06,Astral Limited,Industrials,Building Products & Equipment,377023660032.0,66.354614,41.67053,9.291086,,,6.168,0.48,0.159,0.084809996,0.09873,0.29,0.201,,0.54336,0.2804,1739.3103,1.55172,buy,29.0,1786528800.0
ATHERENERG.NS,2026-10-06,Ather Energy Limited,Consumer Cyclical,Auto Manufacturers,561752834048.0,,502.23093,21.062653,,,25.819,,0.888,-0.0919,-0.059359998,0.0,,,0.50619,0.25652,1684.1818,,none,11.0,
ATUL.NS,2026-10-06,Atul Ltd,Basic Materials,Specialty Chemicals,176635822080.0,22.205566,19.343998,2.8389087,,,2.907,0.92,0.25,0.119729996,0.1707,0.51,0.208,,0.46166,0.28229,7904.25,,none,12.0,1792749600.0
AUROPHARMA.NS,2026-10-06,Aurobindo Pharma Limited,Healthcare,Drug Manufacturers - Specialty & Generic,967613022208.0,26.305332,18.018793,2.5777485,,,21.31,0.258,0.163,0.10627,0.15237,0.0,0.031,,0.54785,0.28905,1721.7778,2.07407,buy,27.0,1785924000.0
AIIL.NS,2026-10-06,Authum Investment & Infrastructure Limited,Financial Services,Capital Markets,467158925312.0,22.217285,,3.1719396,,,24.59,0.175,0.141,0.82054,0.92406,0.0,-0.052,,0.8307,0.07135,,,none,,
AXISBANK.NS,2026-10-06,Axis Bank Limited,Financial Services,Banks - Regional,3888998514688.0,13.986562,10.347042,1.7406526,0.13352999,0.01535,,0.218,0.14,0.36031,0.49181998,0.08,0.42,,0.033269998,0.70475,1584.9756,1.2439,strong_buy,41.0,1792231200.0
AVANTIFEED.NS,2026-10-06,Avanti Feeds Limited,Consumer Defensive,Packaged Foods,96979640320.0,17.803902,16.049606,2.9512491,,,0.357,-0.421,0.183,0.083500005,0.048130002,1.41,0.151,,0.70912004,0.10611,809.5,,none,2.0,
AZAD.NS,2026-10-06,Azad Engineering Limited,Industrials,Specialty Industrial Machinery,197994708992.0,142.66171,82.93791,12.954833,,,31.025,0.213,0.259,0.21756001,0.265,0.0,0.637,,0.55842996,0.19952999,2617.8572,1.71429,buy,7.0,
BLS.NS,2026-10-06,BLS International Services Limited,Industrials,Specialty Business Services,91621310464.0,12.966803,10.355349,3.7195938,,,15.468,0.108,0.253,0.22207001,0.24783,1.16,-0.126,,0.706,0.05254,330.0,,none,1.0,
DMART.NS,2026-10-06,Avenue Supermarts Limited,Consumer Defensive,Discount Stores,2333670637568.0,76.27158,52.062565,9.517057,,,9.913,0.114,0.149,0.042919997,0.06447,0.0,0.252,,0.78910005,0.13507,4203.129,3.03125,hold,31.0,1791626400.0
BSE.NS,2026-10-06,BSE Limited,Financial Services,Financial Data & Stock Exchanges,1336976998400.0,45.881535,36.855946,16.954302,,,0.0,0.621,0.64,0.48918,0.80109,0.31,0.449,,0.0,0.24416,3735.0527,2.57895,hold,19.0,
BEML.NS,2026-10-06,BEML Limited,Industrials,Conglomerates,167086063616.0,28.084837,27.689442,5.6951675,,,10.529,,0.293,0.03934,-0.02615,0.9,0.711,,0.54218,0.22263001,2225.75,1.25,strong_buy,4.0,
BAJAJ-AUTO.NS,2026-10-06,Bajaj Auto Limited,Consumer Cyclical,Auto Manufacturers,2746389626880.0,23.71731,21.032034,7.193302,,,56.352,0.458,0.64,0.16251,0.21514,1.5,0.657,,0.60964,0.16540001,11631.125,2.14634,buy,40.0,1784628000.0
BAJAJFINSV.NS,2026-10-06,Bajaj Finserv Ltd.,Financial Services,Financial Conglomerates,2786826125312.0,27.351973,18.346235,3.5733926,,,256.404,0.127,0.193,0.06471,0.40222,0.07,0.398,,0.63866,0.15014,2367.0,,none,13.0,1785492000.0
BAJFINANCE.NS,2026-10-06,Bajaj Finance Limited,Financial Services,Credit Services,5964611715072.0,29.438133,18.995876,5.2295995,,,314.833,0.272,0.261,0.43495,0.61552,0.56,0.324,,0.56525004,0.27509,1165.7142,1.82857,buy,35.0,1785405600.0
BAJAJHFL.NS,2026-10-06,Bajaj Housing Finance Limited,Financial Services,Mortgage Finance,688030744576.0,25.575851,18.86689,3.0547647,0.12679,,460.74,0.229,0.196,0.63176996,0.80913,0.0,0.719,,0.86743,0.010199999,93.58824,2.94118,hold,17.0,
BALRAMCHIN.NS,2026-10-06,Balrampur Chini Mills Limited,Consumer Defensive,Confectioners,145536761856.0,37.77046,18.90859,3.3572183,,,76.606,-0.154,0.061,0.05829,0.042529996,1.04,0.377,,0.45901,0.33815,727.0,1.0,strong_buy,4.0,
BALKRISIND.NS,2026-10-06,Balkrishna Industries Limited,Consumer Cyclical,Auto Parts,402370363392.0,28.39176,20.647554,3.6728425,,,37.524,0.564,0.252,0.12203,0.15574999,0.77,0.393,,0.58544,0.30862,2408.8948,,none,19.0,1785319200.0
BAJAJHLDNG.NS,2026-10-06,Bajaj Holdings & Investment Limited,Financial Services,Asset Management,1181937041408.0,13.426213,,1.615759,0.11598,,0.012,-0.224,0.242,7.34641,0.84845,1.21,0.185,,0.61588,0.13176,,,none,,1785492000.0
BANDHANBNK.NS,2026-10-06,Bandhan Bank Limited,Financial Services,Banks - Regional,263325941760.0,20.379051,8.102529,1.0281574,,,,0.346,0.216,0.13617,0.23771,0.89,0.793,,0.37614,0.39632,199.45833,2.66667,hold,24.0,1784628000.0
BANKBARODA.NS,2026-10-06,Bank of Baroda Limited,Financial Services,Banks - Regional,1201100554240.0,6.611443,5.3846416,0.7124911,0.113170005,0.0093,,-0.486,0.18,0.27392,0.45536998,3.65,0.443,,0.66462,0.20511,288.79413,1.94286,buy,34.0,1784887200.0
BANKINDIA.NS,2026-10-06,Bank of India,Financial Services,Banks - Regional,600724471808.0,5.100502,5.23767,0.66059226,0.13697,,,0.803,0.185,0.34992,0.48535,3.48,0.74,,0.73383003,0.15213001,151.0,2.75,hold,4.0,
BERGEPAINT.NS,2026-10-06,Berger Paints India Limited,Basic Materials,Specialty Chemicals,544989708288.0,45.37864,36.070797,7.879963,,,9.165,0.285,0.12,0.099209994,0.14074,0.87,0.451,,0.75598997,0.15551,576.2727,2.63636,hold,22.0,1793872800.0
MAHABANK.NS,2026-10-06,Bank of Maharashtra,Financial Services,Banks - Regional,617401090048.0,8.1991825,6.4216,1.7299942,0.22961001,0.019,,0.342,0.218,0.53409,0.57523,2.72,0.817,,0.73600996,0.17132999,95.33333,1.5,strong_buy,3.0,
BHARATCOAL.NS,2026-10-06,Bharat Coking Coal Limited,Basic Materials,Coking Coal,,,,2.5956964,,,38.792,,-0.036,-0.00863,-0.15902,0.0,,,0.9,0.00246,,,none,,
BATAINDIA.NS,2026-10-06,Bata India Limited,Consumer Cyclical,Footwear & Accessories,79455723520.0,54.371155,29.018938,4.979661,,,86.9,0.23,0.039,0.041149996,0.10557,5.56,0.392,,0.50471,0.30757,725.7857,3.5,hold,14.0,1786442400.0
BDL.NS,2026-10-06,Bharat Dynamics Limited,Industrials,Aerospace & Defense,404574994432.0,78.27659,36.299747,9.532487,,,0.007,5.48,1.308,0.18827,0.109799996,0.45,0.32,,0.74926,0.10948,1331.375,2.8125,hold,16.0,1786701600.0
BELRISE.NS,2026-10-06,Belrise Industries Limited,Consumer Cyclical,Auto Parts,227793289216.0,38.29756,25.718273,4.0103865,,,29.1,-0.087,0.126,0.05175,0.07637,0.24,,,0.62196,0.16966999,264.83334,,none,6.0,
BEL.NS,2026-10-06,Bharat Electronics Limited,Industrials,Aerospace & Defense,2825594863616.0,46.017857,34.471134,11.778955,,,0.273,0.083,0.249,0.21403,0.22135,0.65,0.312,,0.53424,0.28891,491.24243,1.42424,strong_buy,33.0,1785146400.0
BHARATFORG.NS,2026-10-06,Bharat Forge Limited,Industrials,Metal Fabrication,910393409536.0,123.29583,38.66469,9.297427,,,76.475,,0.187,0.040260002,0.09616,0.46,0.521,,0.46695998,0.35864,1990.7084,2.95833,hold,24.0,1786356000.0
BHEL.NS,2026-10-06,Bharat Heavy Electricals Limited,Industrials,Specialty Industrial Machinery,1579638063104.0,64.89986,32.4422,6.0414977,,,31.312,,0.403,0.06758,0.054819997,0.33,0.92,,0.59821,0.22823,398.75,,none,20.0,1791972000.0
BHARTIARTL.NS,2026-10-06,Bharti Airtel Limited,Communication Services,Telecom Services,11243933925376.0,36.849316,21.930199,6.945842,0.20151,0.08163,100.415,0.351,0.184,0.1314,0.32573003,1.35,0.007,0.57,0.53145003,0.35555,2316.5,1.47059,strong_buy,34.0,1793872800.0
BPCL.NS,2026-10-06,Bharat Petroleum Corporation Limited,Energy,Oil & Gas Refining & Marketing,1262548811776.0,7.3709154,7.4482365,1.2608107,,,54.332,,0.344,0.034679998,-0.04048,6.74,0.861,,0.56657004,0.28822002,345.0,2.51613,hold,31.0,1784714400.0
GROWW.NS,2026-10-06,Billionbrains Garage Ventures Limited,Financial Services,Capital Markets,1193116827648.0,49.537273,30.570122,12.343069,,,3.028,0.857,0.652,0.45354,0.64422995,0.0,,,0.49278998,0.38714,238.63635,1.3,strong_buy,11.0,
BHARTIHEXA.NS,2026-10-06,Bharti Hexacom Limited,Communication Services,Telecom Services,694150037504.0,38.171574,21.811148,9.687797,,,85.654,0.232,0.109,0.18999,0.31945,1.3,0.109,,0.86517996,0.11131,1852.8572,1.85714,buy,14.0,
BSOFT.NS,2026-10-06,Birlasoft Limited,Technology,Information Technology Services,78161346560.0,14.066431,11.502058,1.8993578,,,3.422,0.508,0.074,0.10601,0.14749,2.36,0.375,,0.40910998,0.27245,329.07144,2.5,buy,14.0,1785232800.0
BIOCON.NS,2026-10-06,Biocon Limited,Healthcare,Biotechnology,601547014144.0,108.66863,33.251945,1.7479073,,,42.145,2.346,0.1,0.0286,0.06914,0.14,0.318,,0.48115003,0.30509,444.89474,2.44444,buy,19.0,1794391200.0
BBOX.NS,2026-10-06,Black Box Limited,Technology,Software - Application,148650524672.0,65.54424,28.911917,11.544191,,,89.594,0.129,0.239,0.033970002,0.06595,0.12,0.95,,0.74081004,0.055209998,1060.5,1.5,strong_buy,2.0,
BLUESTARCO.NS,2026-10-06,Blue Star Limited,Industrials,Building Products & Equipment,321752465408.0,63.181267,40.528637,9.376704,,,23.588,-0.151,0.133,0.03979,0.03503,0.56,0.191,,0.36986,0.34625,1659.88,2.56,hold,25.0,1793268000.0
FIRSTCRY.NS,2026-10-06,Brainbees Solutions Limited,Consumer Cyclical,Internet Retail,85673336832.0,,52.364033,1.759775,,,29.762,,0.131,-0.01422,-0.01646,0.0,0.392,,0.58809,0.23052,243.14285,,none,7.0,
BRIGADE.NS,2026-10-06,Brigade Enterprises Limited,Real Estate,Real Estate - Development,185211289600.0,26.772749,15.197047,27.152966,,,84.316,0.338,-0.129,0.12562999,0.25834,0.35,0.253,,0.46712002,0.37654,783.5,1.2,strong_buy,15.0,1786615200.0
BOSCHLTD.NS,2026-10-06,Bosch Limited,Consumer Cyclical,Auto Parts,,56.167084,40.011677,8.941351,,,0.8,-0.367,0.22,0.11328,0.12362,0.6,0.715,,0.70666003,0.18267,51439.0,1.4,strong_buy,5.0,1793959200.0
BIRET.NS,2026-10-06,Brookfield India Real Estate Trust,,,218665304064.0,35.751694,23.381884,1.1266515,,,,,,,,,,,,,,,,,
BRITANNIA.NS,2026-10-06,Britannia Industries Limited,Consumer Defensive,Packaged Foods,1175846780928.0,45.154938,37.534134,23.026236,,,26.875,0.136,0.082,0.13376,0.15212,1.9,0.421,,0.51183,0.25249,6299.9395,1.90909,buy,33.0,1786010400.0
CCL.NS,2026-10-06,CCL Products (India) Limited,Consumer Defensive,Packaged Foods,141758234624.0,32.781376,22.389622,6.038694,,,56.487,0.61,0.138,0.0938,0.13101,0.55,0.021,,0.49148,0.26049998,1346.3636,1.63636,buy,11.0,
CGPOWER.NS,2026-10-06,CG Power and Industrial Solutions Limited,Industrials,Electrical Equipment & Parts,1431706796032.0,114.59647,65.25245,17.956291,,,1.446,0.131,0.14,0.0975,0.104490004,0.15,0.55,,0.60002,0.19770001,934.15,2.15,buy,20.0,1784887200.0
CIEINDIA.NS,2026-10-06,CIE Automotive India Limited,Consumer Cyclical,Auto Parts,143323103232.0,15.988151,13.25614,1.8510443,0.12222,0.06652,6.63,0.159,0.106,0.09035,0.11165,1.85,-0.016,1.384,0.66418,0.23667999,500.2,,none,5.0,
CRISIL.NS,2026-10-06,CRISIL Limited,Financial Services,Financial Data & Stock Exchanges,331498356736.0,38.137302,30.115702,10.133119,0.29052,0.14866,10.23,0.262,0.276,0.21434,0.24679,0.89,0.186,1.868,0.71884,0.15619001,5092.0,2.5,buy,2.0,
CANFINHOME.NS,2026-10-06,Can Fin Homes Limited,Financial Services,Mortgage Finance,97016430592.0,8.587931,7.6891875,1.6222329,,,636.585,0.196,0.225,0.66733,0.79907995,2.21,0.481,,0.38682,0.29846,1035.3572,1.42857,strong_buy,14.0,
CANBK.NS,2026-10-06,Canara Bank,Financial Services,Banks - Regional,1071788195840.0,5.3978987,4.973847,0.9105761,,,,0.622,-0.129,0.43126,0.44137,3.54,0.53,,0.64359003,0.18204,149.7619,1.7,buy,21.0,1785146400.0
CESC.NS,2026-10-06,CESC Limited,Utilities,Utilities - Regulated Electric,177772249088.0,11.462394,9.492047,1.419544,,,164.311,0.038,0.054,0.08243,0.11778,4.49,0.417,,0.06339,0.77224,211.41667,1.41667,strong_buy,12.0,1786615200.0
CANHLIFE.NS,2026-10-06,Canara HSBC Life Insurance Company Limited,Financial Services,Insurance - Life,135632461824.0,102.25,75.3421,8.324611,0.08276,0.00198,15.304,0.202,0.183,0.01075,0.00847,0.28,,2.911,0.75327003,0.2032,192.75,,none,8.0,
CAPLIPOINT.NS,2026-10-06,Caplin Point Laboratories Limited,Healthcare,Drug Manufacturers - Specialty & Generic,203164057600.0,30.296986,24.144535,5.7849813,,,0.127,0.159,0.196,0.29089,0.31434,0.31,0.423,,0.73437,0.05712,2765.0,,none,2.0,
CGCL.NS,2026-10-06,Capri Global Capital Limited,Financial Services,Credit Services,237652033536.0,20.967743,12.764857,3.305763,,,334.728,0.794,0.858,0.34958,0.50395,0.08,-0.011,,0.62243,0.21489,243.33333,1.5,strong_buy,6.0,
CARBORUNIV.NS,2026-10-06,Carborundum Universal Limited,Industrials,Conglomerates,241827528704.0,117.319786,42.042397,6.2005734,,,10.292,0.235,0.194,0.03849,0.0675,0.32,0.357,,0.39368,0.37708,1033.8334,,none,6.0,1786096800.0
CASTROLIND.NS,2026-10-06,Castrol India Limited,Energy,Oil & Gas Refining & Marketing,198150881280.0,18.670084,16.949884,10.395952,0.56996,0.24879,2.784,0.421,0.25,0.17066,0.24779,6.27,0.319,1.511,0.51304,0.17698999,220.8,,none,5.0,1785837600.0
CDSL.NS,2026-10-06,Central Depository Services (India) Limited,Financial Services,Capital Markets,262901104640.0,55.782707,42.10369,13.414882,,,0.11,0.147,0.154,0.36798,0.48887002,1.02,0.427,,0.0,0.15369001,1322.8667,,none,15.0,
CEMPRO.NS,2026-10-06,Cemindia Projects Limited,Industrials,Engineering & Construction,199565623296.0,32.549732,20.36641,8.316628,,,37.711,0.026,0.07,0.058920003,0.08524,0.26,0.814,,0.72423,0.07569,1564.6,,none,5.0,
CARTRADE.NS,2026-10-06,CarTrade Tech Limited,Consumer Cyclical,Auto & Truck Dealerships,142402715648.0,63.320366,36.86274,5.6448007,,,5.363,0.224,0.163,0.28656,0.25952,0.0,-0.035,,0.06384,0.62457,3356.4,1.7,buy,10.0,
CENTRALBK.NS,2026-10-06,Central Bank of India,Financial Services,Banks - Regional,274076434432.0,6.0079365,,0.66998565,0.115600005,0.00878,,0.028,-0.032,0.27839002,0.39668998,3.3,0.392,,0.81189,0.09475,,,none,,
CEATLTD.NS,2026-10-06,CEAT Limited,Consumer Cyclical,Auto Parts,133837217792.0,22.623589,13.923552,2.2747757,,,64.742,-0.962,0.223,0.03583,0.04145,1.07,0.48,,0.48628,0.33494,3895.3333,,none,18.0,
CHAMBLFERT.NS,2026-10-06,Chambal Fertilisers and Chemicals Limited,Basic Materials,Agricultural Inputs,161643167744.0,8.34609,8.261776,1.5510925,,,10.274,-0.046,-0.118,0.09581,0.15151,3.02,0.31,,0.63284,0.11996,549.6667,,none,3.0,1785405600.0
CMPDI.NS,2026-10-06,Central Mine Planning & Design Institute Limited,Basic Materials,Other Industrial Metals & Mining,,22.958515,,6.5776305,,,0.064,0.538,0.176,0.27375,0.28566,0.51,,,0.85,0.07948,,,none,,
CHENNPETRO.NS,2026-10-06,Chennai Petroleum Corporation Limited,Energy,Oil & Gas Refining & Marketing,207954755584.0,4.982162,3.4825437,1.8719714,,,17.68,,0.848,0.054780003,0.051149998,4.43,0.067,,0.69061,0.05632,1540.0,,none,1.0,
CHOICEIN.NS,2026-10-06,Choice International Limited,Financial Services,Capital Markets,161769160704.0,63.809315,48.313377,8.589933,,,49.768,0.154,0.344,0.20173,0.27432,0.0,-0.292,,0.60051996,0.10701,,,none,,
CHOLAHLDNG.NS,2026-10-06,Cholamandalam Financial Holdings Limited,Financial Services,Credit Services,267094654976.0,10.009148,7.4471207,1.7283049,,,623.156,0.393,0.139,0.11882,0.38779998,0.09,0.41,,0.46931,0.33372003,2258.3333,1.25,strong_buy,3.0,1786701600.0
CUB.NS,2026-10-06,City Union Bank Limited,Financial Services,Banks - Regional,221401333760.0,15.82578,11.544896,2.0955203,,,,0.252,0.233,0.37791002,0.50985,0.88,0.372,,0.07974,0.51627,256.26086,1.78261,buy,23.0,1785232800.0
CHOLAFIN.NS,2026-10-06,Cholamandalam Investment and Finance Company Limited,Financial Services,Credit Services,1381535580160.0,24.212503,16.423342,4.5068636,,,695.283,0.437,0.346,0.40549,0.56586,0.12,0.491,,0.51945996,0.32803002,1988.9375,1.5,strong_buy,32.0,1785232800.0
CLEANMAX.NS,2026-10-06,Clean Max Enviro Energy Solutions Limited,Utilities,Utilities - Renewable,161505853440.0,101.1903,42.943924,3.476329,,,231.875,,1.092,0.06695,0.36806,0.0,,,0.70682,0.15321,1575.3334,1.22222,strong_buy,9.0,
CIPLA.NS,2026-10-06,Cipla Limited,Healthcare,Drug Manufacturers - Specialty & Generic,1079557488640.0,32.045563,21.051455,3.1349928,,,1.778,-0.392,0.035,0.12009,0.12549,0.97,0.092,,0.31134,0.44654,1510.8889,2.19444,buy,36.0,1793095200.0
COALINDIA.NS,2026-10-06,Coal India Limited,Energy,Thermal Coal,2543358050304.0,8.151294,7.282305,2.1352444,,,11.629,0.012,0.451,0.18138,0.21113001,4.94,0.022,,0.61133,0.27013,472.125,2.08,buy,24.0,1785146400.0
CLEAN.NS,2026-10-06,Clean Science and Technology Limited,Basic Materials,Specialty Chemicals,87482458112.0,37.413635,25.845675,5.5263495,,,0.135,0.047,0.105,0.23719,0.28083,0.75,0.381,,0.55210996,0.23332001,965.2857,,none,14.0,1785578400.0
COFORGE.NS,2026-10-06,Coforge Limited,Technology,Information Technology Services,817273307136.0,37.778004,25.740894,6.4962683,,,7.518,0.309,0.499,0.0964,0.1596,0.86,0.327,,0.21339001,0.59204,1995.8572,1.57143,buy,35.0,1792749600.0
COCHINSHIP.NS,2026-10-06,Cochin Shipyard Limited,Industrials,Aerospace & Defense,339190054912.0,49.97287,28.843401,5.775373,,,28.466,-0.193,0.024,0.13479,0.14696,0.88,0.597,,0.63335,0.11101,1499.0,,none,4.0,
COHANCE.NS,2026-10-06,Cohance Lifesciences Limited,Healthcare,Drug Manufacturers - Specialty & Generic,174426128384.0,165.18115,46.34585,4.4681187,,,9.928,-0.968,-0.231,0.04961,-0.11457,0.0,0.618,,0.6396,0.23038,508.33334,2.77778,hold,9.0,
COLPAL.NS,2026-10-06,Colgate-Palmolive (India) Limited,Consumer Defensive,Household & Personal Products,486718275584.0,36.115036,30.615974,30.72525,,,2.993,0.07,0.118,0.21722999,0.27678,2.7,0.509,,0.51410997,0.21982999,2214.077,3.0,hold,26.0,1785319200.0
CONCORDBIO.NS,2026-10-06,Concord Biotech Limited,Healthcare,Biotechnology,142529118208.0,46.93076,32.02677,7.06617,,,0.115,0.311,0.262,0.24844,0.24962999,0.56,0.37,,0.72482,0.14975001,1550.6,,none,5.0,
COROMANDEL.NS,2026-10-06,Coromandel International Limited,Basic Materials,Agricultural Inputs,524283150336.0,29.271502,18.422262,4.1742787,,,11.469,-0.245,0.159,0.05619,0.067719996,0.61,0.132,,0.59558,0.25197,2333.6667,,none,9.0,1784800800.0
CAMS.NS,2026-10-06,Computer Age Management Services Limited,Technology,Information Technology Services,171731632128.0,35.10919,26.45788,12.97826,,,4.863,0.17,0.115,0.31785,0.40046,1.87,0.159,,0.0313,0.58206004,920.421,,none,19.0,1785751200.0
CONCOR.NS,2026-10-06,Container Corporation of India Limited,Industrials,Railroads,339605422080.0,27.189024,19.11273,2.6239905,,,7.39,0.006,0.003,0.13670999,0.13638,1.95,0.248,,0.574,0.42400002,556.3333,2.13333,buy,15.0,1784887200.0
CREDITACC.NS,2026-10-06,CreditAccess Grameen Limited,Financial Services,Credit Services,202888577024.0,16.98873,9.77668,2.586096,0.16364999,,302.872,7.152,1.495,0.39812002,0.64591,0.0,0.063,,0.66103995,0.20502001,1739.4667,1.33333,strong_buy,15.0,
CRAFTSMAN.NS,2026-10-06,Craftsman Automation Limited,Consumer Cyclical,Auto Parts,270619901952.0,53.24448,29.242857,7.56217,,,111.011,1.133,0.363,0.053340003,0.10836001,0.11,0.37,,0.42414,0.40611,11371.125,,none,8.0,
CUMMINSIND.NS,2026-10-06,Cummins India Limited,Industrials,Specialty Industrial Machinery,1360857923584.0,57.49268,42.802177,16.057001,,,0.431,0.009,0.179,0.18694,0.20458001,1.37,0.532,,0.5129,0.29714,5894.0,2.09091,buy,22.0,1793786400.0
CROMPTON.NS,2026-10-06,Crompton Greaves Consumer Electricals Limited,Consumer Cyclical,"Furnishings, Fixtures & Appliances",136651620352.0,,18.935804,4.606768,,,5.797,0.147,0.118,-0.02688,0.08019,1.42,0.353,,0.0,0.77138,336.60605,1.33333,strong_buy,33.0,1786010400.0
CUPID.NS,2026-10-06,Cupid Limited,Consumer Defensive,Household & Personal Products,436342423552.0,324.5,,96.66368,,,12.506,1.909,1.587,0.30351,0.37985,0.0,0.282,,0.64447,0.0035299999,,,none,,
DOMS.NS,2026-10-06,DOMS Industries Limited,Industrials,Business Equipment & Supplies,125709811712.0,58.00616,39.529907,10.304908,,,10.849,-0.225,0.192,0.08929,0.08826,0.18,-0.264,,0.63388,0.29104,2694.25,,none,12.0,
DLF.NS,2026-10-06,DLF Limited,Real Estate,Real Estate - Development,1655364648960.0,36.42429,26.307499,3.640288,0.10102,,0.673,0.042,-0.529,0.65791,0.089940004,1.19,0.483,,0.7414,0.14953,815.9545,1.36364,strong_buy,22.0,1785751200.0
CYIENT.NS,2026-10-06,Cyient Limited,Industrials,Conglomerates,117166399488.0,33.06404,16.00628,2.1883435,,,7.528,-0.324,0.213,0.04955,0.09014,2.81,0.696,,0.25327998,0.52196,1034.1428,2.42857,buy,21.0,1784800800.0
DABUR.NS,2026-10-06,Dabur India Limited,Consumer Defensive,Household & Personal Products,691754565632.0,35.13063,29.732769,6.056723,,,10.907,0.153,0.106,0.14551,0.16476,2.18,0.418,,0.67667997,0.22467,499.75677,2.27027,buy,37.0,1785319200.0
DATAPATTNS.NS,2026-10-06,Data Patterns (India) Limited,Industrials,Aerospace & Defense,238754840576.0,88.58954,52.67488,13.753415,,,0.304,-0.134,0.168,0.28459,0.21934,0.24,0.546,,0.52231,0.19369,4578.4546,,none,11.0,
DELHIVERY.NS,2026-10-06,Delhivery Limited,Industrials,Integrated Freight & Logistics,305337466880.0,336.77686,37.455524,3.1397114,,,15.098,-0.65,0.278,0.00839,-0.01606,0.0,0.178,,0.16723,0.5687,551.15,1.5,strong_buy,20.0,1786183200.0
DEEPAKFERT.NS,2026-10-06,Deepak Fertilisers And Petrochemicals Corporation Limited,Basic Materials,Chemicals,173436420096.0,17.56238,10.99466,2.5317974,,,75.969,1.016,0.225,0.08131,0.22732,0.77,0.046,,0.47094002,0.18999,1896.6666,,none,3.0,
DEVYANI.NS,2026-10-06,Devyani International Limited,Consumer Cyclical,Restaurants,159998607360.0,,125.17846,10.377449,,,203.327,3.0,0.165,-0.0047400002,0.04709,0.0,0.334,,0.65422994,0.18382,153.47826,1.56522,buy,23.0,1785319200.0
DIVISLAB.NS,2026-10-06,Divi's Laboratories Limited,Healthcare,Drug Manufacturers - Specialty & Generic,2513456594944.0,85.90872,62.703964,14.995866,,,0.042,0.657,0.278,0.26046,0.36655998,0.33,0.226,,0.52002996,0.30388,8489.759,2.58621,hold,29.0,1785578400.0
DALBHARAT.NS,2026-10-06,Dalmia Bharat Limited,Basic Materials,Building Materials,316491988992.0,33.63056,23.235638,1.7588152,,,40.987,-0.521,0.07,0.062030002,0.11414,0.6,0.187,,0.60458,0.29259002,2148.7354,1.73529,buy,34.0,1784887200.0
DEEPAKNTR.NS,2026-10-06,Deepak Nitrite Limited,Basic Materials,Chemicals,211000033280.0,26.85764,24.93476,3.614976,,,27.903,2.074,0.364,0.091359995,0.18486999,0.5,0.487,,0.49853,0.26042998,1892.5,,none,18.0,1785837600.0
LALPATHLAB.NS,2026-10-06,Dr. Lal PathLabs Limited,Healthcare,Diagnostics & Research,328495398912.0,59.705616,45.078,13.097173,,,7.83,0.278,0.191,0.18745,0.25461,1.01,0.16,,0.54698,0.32261002,1976.5385,1.69231,buy,26.0,1784887200.0
DIXON.NS,2026-10-06,Dixon Technologies (India) Limited,Technology,Consumer Electronics,789390950400.0,38.102367,46.376244,14.462113,,,18.457,1.546,0.211,0.03639,0.022909999,0.08,-0.116,,0.40118998,0.34463,14676.286,2.14286,buy,28.0,1785492000.0
EIDPARRY.NS,2026-10-06,E.I.D.- Parry (India) Limited,Basic Materials,Agricultural Inputs,123946139648.0,26.74731,9.299066,1.4091346,,,23.647,-0.424,0.034,0.01197,0.0563,0.0,0.05,,0.46921003,0.25802,1052.0,,none,1.0,
DRREDDY.NS,2026-10-06,Dr. Reddy's Laboratories Limited,Healthcare,Drug Manufacturers - Specialty & Generic,1006250229760.0,30.397583,20.440561,2.6243412,0.088369995,0.040149998,18.605,-0.687,-0.056,0.09996,0.04251,0.66,0.25,1.902,0.30142,0.52713,1275.2666,2.65789,hold,38.0,1792749600.0
EMBASSY.NS,2026-10-06,Embassy Office Parks REIT,,,350644862976.0,92.48,26.602022,1.6873988,,,,,,,,,,,,,,,,,
EIHOTEL.NS,2026-10-06,EIH Limited,Consumer Cyclical,Lodging,187140227072.0,26.296133,20.151514,3.5562763,,,4.666,2.463,0.145,0.23142,0.19716999,0.5,-0.232,,0.70523,0.15279001,367.5,1.0,strong_buy,2.0,
EICHERMOT.NS,2026-10-06,Eicher Motors Limited,Consumer Cyclical,Auto Manufacturers,1936750542848.0,34.06238,25.880613,7.710256,,,2.048,0.213,0.315,0.23211999,0.19798,1.17,0.244,,0.51333,0.25919,8350.917,2.08108,buy,36.0,1785319200.0
ELECON.NS,2026-10-06,Elecon Engineering Company Limited,Industrials,Specialty Industrial Machinery,99454050304.0,42.08927,20.237444,4.3131304,,,11.824,-0.598,0.061,0.09852,0.15245,0.45,0.513,,0.63161,0.11399999,550.0,,none,1.0,
ELGIEQUIP.NS,2026-10-06,Elgi Equipments Limited,Industrials,Specialty Industrial Machinery,189365551104.0,42.422318,32.825138,8.484463,,,23.885,0.211,0.226,0.10803001,0.12295,0.46,0.115,,0.45028,0.20372,690.8,,none,5.0,1786615200.0
EMAMILTD.NS,2026-10-06,Emami Limited,Consumer Defensive,Household & Personal Products,163823370240.0,22.497044,18.963339,5.682446,,,5.541,-0.162,0.149,0.19117,0.1765,2.65,0.131,,0.59402,0.2891,517.8182,1.43478,strong_buy,22.0,1785837600.0
ENDURANCE.NS,2026-10-06,Endurance Technologies Limited,Consumer Cyclical,Auto Parts,354470363136.0,35.49796,24.531803,5.181699,,,19.393,0.08,0.3,0.0622,0.07275,0.46,0.724,,0.75001,0.19383,3165.1333,1.86667,buy,15.0,
EMCURE.NS,2026-10-06,Emcure Pharmaceuticals Limited,Healthcare,Drug Manufacturers - Specialty & Generic,365192970240.0,35.940998,24.768154,7.371977,,,30.567,0.419,0.228,0.104449995,0.15443,0.19,-0.078,,0.77818,0.095649995,2229.375,1.375,strong_buy,8.0,
ETERNAL.NS,2026-10-06,Eternal Limited,Consumer Cyclical,Internet Retail,3015226425344.0,696.91486,87.27266,9.682521,,,14.826,2.333,1.82,0.00642,0.0023700001,0.0,0.239,,0.21796,0.50566,367.6875,1.53125,buy,32.0,1784714400.0
ESCORTS.NS,2026-10-06,Escorts Kubota Limited,Industrials,Farm & Heavy Construction Machinery,309496053760.0,22.385006,20.241262,2.543484,,,1.309,-0.724,0.283,0.11291,0.09024999,1.17,0.318,,0.74511003,0.12513,3330.2942,3.05263,hold,17.0,1785751200.0
EXIDEIND.NS,2026-10-06,Exide Industries Limited,Consumer Cyclical,Auto Parts,345652494336.0,37.1031,21.962513,2.4858484,,,11.308,0.283,0.177,0.04948,0.08672,0.49,0.582,,0.50942004,0.23727,438.875,2.625,hold,16.0,1785405600.0
EMMVEE.NS,2026-10-06,Emmvee Photovoltaic Power Limited,Technology,Solar,205522632704.0,16.38245,10.304201,5.5597177,,,9.745,0.737,0.513,0.22844,0.29843,0.34,,,0.80031997,0.0744,391.4,2.0,buy,5.0,
NYKAA.NS,2026-10-06,FSN E-Commerce Ventures Limited,Consumer Cyclical,Internet Retail,976770760704.0,383.03372,116.11629,67.881325,,,82.829,2.5,0.291,0.02405,0.05269,0.0,0.364,,0.56136,0.32162997,346.56,2.56,hold,25.0,1785837600.0
ENGINERSIN.NS,2026-10-06,Engineers India Limited,Industrials,Engineering & Construction,176509403136.0,22.87327,22.273048,5.6256156,,,0.534,1.422,-0.058,0.20222001,0.14229,1.62,0.951,,0.51366,0.17819999,298.5,1.33333,strong_buy,6.0,
FEDERALBNK.NS,2026-10-06,The Federal Bank Limited,Financial Services,Banks - Regional,790488940544.0,17.121454,11.362494,1.9698974,,,,0.327,0.214,0.30721,0.42963,0.37,0.289,,0.109060004,0.60573,365.6857,2.02857,buy,35.0,1784282400.0
FACT.NS,2026-10-06,The Fertilisers and Chemicals Travancore Limited,Basic Materials,Agricultural Inputs,483880435712.0,,,34.99953,,,295.147,,0.202,-0.01783,-0.029140001,0.0,0.21,,0.0,0.00096000003,,,none,,
FINCABLES.NS,2026-10-06,Finolex Cables Limited,Industrials,Electrical Equipment & Parts,226885517312.0,28.523361,20.405779,3.7291954,,,0.314,0.532,0.443,0.11532,0.11058,0.61,0.621,,0.58642,0.21059999,1440.1666,,none,6.0,1786442400.0
FIVESTAR.NS,2026-10-06,Five-Star Business Finance Limited,Financial Services,Credit Services,151450124288.0,13.721583,10.287131,2.0519865,,,111.929,0.018,0.08,0.47797,0.59126,0.39,0.582,,0.26321,0.4746,679.1,1.0,strong_buy,10.0,
FSL.NS,2026-10-06,Firstsource Solutions Limited,Technology,Information Technology Services,180126138368.0,28.169546,16.306845,4.1071625,,,67.135,-0.017,0.229,0.06668,0.12355,2.14,0.192,,0.5487,0.31017,306.53333,2.0,buy,15.0,
FORTIS.NS,2026-10-06,Fortis Healthcare Limited,Healthcare,Medical Care Facilities,572824485888.0,54.664986,33.22264,5.7887144,,,34.15,0.023,0.175,0.11023,0.16316,0.13,0.642,,0.35187,0.50968,1115.5,1.3,strong_buy,20.0,1786010400.0
GAIL.NS,2026-10-06,GAIL (India) Limited,Utilities,Utilities - Regulated Gas,1122431795200.0,11.357951,9.281163,1.259397,,,27.809,0.972,0.167,0.06698,0.14834,3.28,0.541,,0.58984,0.26881,195.56667,1.93333,buy,30.0,1785492000.0
FORCEMOT.NS,2026-10-06,Force Motors Limited,Consumer Cyclical,Auto Manufacturers,223996461056.0,17.733456,,5.435448,,,,0.228,0.062,0.13607,0.10262,0.3,0.671,,0.63240004,0.06278,,,none,,
FRACTAL.NS,2026-10-06,Fractal Analytics Limited,Technology,Software - Infrastructure,127684100096.0,39.410828,26.939821,3.8844247,,,13.131,0.771,0.2,0.095290005,0.11299,0.0,,,0.6384,0.106429994,946.375,2.125,buy,8.0,
GVT&D.NS,2026-10-06,GE Vernova T&D India Limited,Industrials,Specialty Industrial Machinery,1086046994432.0,82.69838,52.905525,40.36467,,,0.892,0.247,0.38,0.19442,0.24438,0.24,0.589,,0.51738,0.29702,5391.4707,1.58824,buy,17.0,
GMRAIRPORT.NS,2026-10-06,GMR Airports Limited,Industrials,Airports & Air Services,993176518656.0,245.15791,60.35634,-39.175777,,,,,0.237,0.030720001,0.25013,0.0,0.645,,0.69816,0.15755,119.22222,1.22222,strong_buy,9.0,1786528800.0
GALLANTT.NS,2026-10-06,Gallantt Ispat Limited,Basic Materials,Steel,127722061824.0,29.005478,,3.8520033,,,16.515,-0.288,0.016,0.097849995,0.13527,0.38,1.106,,0.94731003,0.00088,,,none,,
GICRE.NS,2026-10-06,General Insurance Corporation of India,Financial Services,Insurance - Reinsurance,550179831808.0,6.197629,5.480179,0.5570783,0.091079995,0.03032,,-0.311,-0.008,0.16819,0.15095,4.15,0.334,0.518,0.77397,0.16968,449.66666,2.16667,buy,6.0,
GABRIEL.NS,2026-10-06,Gabriel India Limited,Consumer Cyclical,Auto Parts,257268940800.0,69.52357,33.773586,14.110785,,,10.642,0.406,0.298,0.052360002,0.06444,0.38,0.736,,0.59503,0.15314001,1587.625,1.625,buy,8.0,
GLAND.NS,2026-10-06,Gland Pharma Limited,Healthcare,Drug Manufacturers - Specialty & Generic,496187604992.0,44.48225,31.181252,4.783015,,,2.738,0.469,0.196,0.16784,0.21003,0.69,0.581,,0.51752,0.33206,2892.9285,2.28571,buy,14.0,1786356000.0
GILLETTE.NS,2026-10-06,Gillette India Limited,Consumer Defensive,Household & Personal Products,230279725056.0,34.469807,,24.33096,,,0.002,0.094,0.108,0.21035999,0.26795998,2.58,0.28,,0.77949,0.104320005,,,none,,
GRSE.NS,2026-10-06,Garden Reach Shipbuilders & Engineers Limited,Industrials,Aerospace & Defense,243995754496.0,30.472103,23.977488,9.290518,,,1.424,0.439,0.385,0.10665,0.0748,0.93,0.694,,0.745,0.03938,3069.2856,,none,7.0,
GLAXO.NS,2026-10-06,GlaxoSmithKline Pharmaceuticals Limited,Healthcare,Drug Manufacturers - General,466290114560.0,43.054905,34.76476,20.564833,,,1.467,0.157,0.166,0.27008,0.29801,2.09,0.075,,0.75626,0.0979,3097.25,1.75,buy,4.0,
GODFRYPHLP.NS,2026-10-06,Godfrey Phillips India Limited,Consumer Defensive,Tobacco,294337576960.0,21.827646,16.833185,4.737718,,,3.757,-0.443,-0.189,0.22389999,0.12206,2.67,0.389,,0.73544,0.10165,,,none,,
GPIL.NS,2026-10-06,Godawari Power & Ispat Limited,Basic Materials,Steel,140924026880.0,16.99843,9.624888,2.2901862,,,7.582,-0.006,0.323,0.13887,0.16206,0.47,0.764,,0.63362,0.06734,290.0,,none,1.0,
MEDANTA.NS,2026-10-06,Global Health Limited,Healthcare,Medical Care Facilities,351165677568.0,63.19149,38.885487,8.861404,,,29.869,-0.002,0.265,0.11875,0.16700001,0.04,0.164,,0.66385,0.23506,1598.0,1.52632,buy,19.0,
GLENMARK.NS,2026-10-06,Glenmark Pharmaceuticals Limited,Healthcare,Drug Manufacturers - Specialty & Generic,647592738816.0,36.027637,23.581045,6.1604137,,,5.646,9.307,0.231,0.10137,0.15718001,0.11,0.251,,0.48958,0.27484,2509.6365,1.58333,buy,11.0,1785492000.0
GODREJCP.NS,2026-10-06,Godrej Consumer Products Limited,Consumer Defensive,Household & Personal Products,888262754304.0,46.56116,32.06868,7.0213337,,,34.899,0.115,0.154,0.12086,0.17186001,2.39,0.332,,0.64257,0.2291,1170.9706,1.55882,buy,34.0,1786096800.0
GODREJIND.NS,2026-10-06,Godrej Industries Limited,Industrials,Conglomerates,352346177536.0,30.584795,,3.152131,,,222.411,-0.186,-0.047,0.04761,0.081,0.0,0.631,,0.87194,0.06391,,,none,,1786615200.0
GODREJPROP.NS,2026-10-06,Godrej Properties Limited,Real Estate,Real Estate - Development,484432445440.0,30.26915,14.595849,2.5287833,,,82.119,-0.417,0.165,0.30754998,-0.6225,0.63,0.652,,0.57581,0.23941,2336.682,2.0,buy,22.0,1785837600.0
GRANULES.NS,2026-10-06,Granules India Limited,Healthcare,Drug Manufacturers - Specialty & Generic,228125769728.0,30.893978,21.365326,4.0753775,,,29.735,0.534,0.22,0.1176,0.17556,0.21,0.12,,0.39629,0.24704,907.25,1.5,strong_buy,8.0,
GRAPHITE.NS,2026-10-06,Graphite India Limited,Industrials,Electrical Equipment & Parts,166547931136.0,78.06319,16.423801,2.8425803,,,6.295,0.284,0.266,0.07044,0.14371,0.86,0.959,,0.65963995,0.13746999,955.3333,,none,3.0,
GRASIM.NS,2026-10-06,Grasim Industries Limited,Basic Materials,Building Materials,2004548583424.0,35.36317,19.568033,1.9372208,,,135.044,0.513,0.214,0.03093,0.18809,0.34,0.409,,0.48805,0.22398001,3837.5,1.4,strong_buy,10.0,1786528800.0
GESHIP.NS,2026-10-06,The Great Eastern Shipping Company Limited,Industrials,Marine Shipping,215735042048.0,5.8516283,7.602434,1.2899337,,,6.409,1.594,0.669,0.60307,0.54431,3.69,0.407,,0.30766,0.26442,1899.3334,1.33333,strong_buy,3.0,
GMDCLTD.NS,2026-10-06,Gujarat Mineral Development Corporation Limited,Energy,Thermal Coal,156328804352.0,16.34852,14.332362,2.2115552,,,4.475,-0.002,0.238,0.33823,0.17395,1.95,0.364,,0.74,0.024530001,274.0,,none,1.0,
GRAVITA.NS,2026-10-06,Gravita India Limited,Industrials,Metal Fabrication,109510295552.0,27.724506,19.680395,4.464882,,,29.934,0.14,0.418,0.083380006,0.09678,0.0,0.486,,0.59363,0.11026,2061.889,,none,9.0,
FLUOROCHEM.NS,2026-10-06,Gujarat Fluorochemicals Limited,Basic Materials,Specialty Chemicals,504552030208.0,82.47621,41.109158,6.5926228,,,28.94,0.204,0.24,0.11635,0.19709998,0.07,0.03,,0.66440004,0.15141,4715.8823,,none,17.0,1786528800.0
HBLENGINE.NS,2026-10-06,HBL Engineering Limited,Industrials,Electrical Equipment & Parts,211624476672.0,27.11115,,9.474318,,,3.021,-0.235,0.06,0.23381001,0.21051,0.39,0.027,,0.080690004,0.55392,,,none,,
HCLTECH.NS,2026-10-06,HCL Technologies Limited,Technology,Information Technology Services,3239343816704.0,18.624765,14.94606,4.3888984,0.24067,0.13305001,7.058,0.084,0.03,0.12966,0.16877002,4.99,0.03,2.222,0.6278,0.28183,1264.2307,2.89744,hold,39.0,1791799200.0
HDFCBANK.NS,2026-10-06,HDFC Bank Limited,Financial Services,Banks - Regional,10934783311872.0,15.501639,11.323097,1.8008548,0.13838,0.0175,,0.181,0.166,0.26787,0.33291999,1.84,0.412,,0.00169,0.60976005,989.60974,1.2439,strong_buy,41.0,1792231200.0
HDFCAMC.NS,2026-10-06,HDFC Asset Management Company Limited,Financial Services,Asset Management,1011068567552.0,34.37992,26.913536,10.938478,,,2.364,0.118,0.134,0.61625,0.80197996,2.3,0.551,,0.56635,0.27334,3077.3333,1.37037,strong_buy,27.0,1792058400.0
HAVELLS.NS,2026-10-06,Havells India Limited,Industrials,Electrical Equipment & Parts,661449998336.0,40.522877,32.296734,6.992033,,,2.801,-0.166,0.195,0.06923,0.05302,1.15,0.341,,0.6352,0.22787,1372.9722,1.94444,buy,36.0,1784282400.0
HDFCLIFE.NS,2026-10-06,HDFC Life Insurance Company Limited,Financial Services,Insurance - Life,1185287241728.0,59.639347,46.22653,6.076702,0.10828,0.00377,15.885,0.119,0.143,0.019,0.02187,0.4,0.511,1.235,0.5742,0.29013002,738.1212,1.24242,strong_buy,33.0,1792058400.0
HFCL.NS,2026-10-06,HFCL Limited,Technology,Communication Equipment,402122702848.0,68.43229,50.53462,7.926281,,,38.321,,1.199,0.09554,0.18948999,0.08,0.99,,0.34232,0.19302,150.0,,none,1.0,
HDBFS.NS,2026-10-06,HDB Financial Services Limited,Financial Services,Credit Services,510535139328.0,18.578535,12.99998,2.4762323,,,484.313,0.326,0.21,0.29786,0.42416,0.64,,,0.74437,0.11946,806.0625,2.3125,buy,16.0,
HEGAM.NS,2026-10-06,HEG Advanced Materials Limited,Industrials,Electrical Equipment & Parts,83284115456.0,13.776869,8.261613,,,,16.73,0.168,0.104,0.13612,0.14834,1.45,0.755,,0.72593004,0.06415,710.0,,none,3.0,
HEROMOTOCO.NS,2026-10-06,Hero MotoCorp Limited,Consumer Cyclical,Auto Manufacturers,1013615099904.0,18.614012,15.553317,4.6890264,,,3.57,-0.172,0.349,0.10724,0.116280004,3.63,0.486,,0.37236,0.37625998,6262.5713,2.21622,buy,35.0,1786010400.0
HEXT.NS,2026-10-06,Hexaware Technologies Limited,Technology,Information Technology Services,306755862528.0,22.85552,18.021854,4.570481,0.21473,0.11841,10.18,-0.125,0.179,0.09318,0.13739,2.88,,1.432,0.7521,0.19077998,566.2778,2.5,buy,18.0,
HINDALCO.NS,2026-10-06,Hindalco Industries Limited,Basic Materials,Aluminum,2080542425088.0,12.715371,8.432922,1.5232803,,,72.598,0.751,0.321,0.05549,0.13668999,0.53,0.952,,0.37572,0.40022,1161.5518,2.13793,buy,29.0,1793959200.0
HSCL.NS,2026-10-06,Himadri Speciality Chemical Limited,Basic Materials,Specialty Chemicals,335819341824.0,41.805904,32.30825,7.1345105,,,16.169,0.247,0.28,0.16066,0.2038,0.12,0.251,,0.57428,0.05904,720.0,,none,1.0,
HINDPETRO.NS,2026-10-06,Hindustan Petroleum Corporation Limited,Energy,Oil & Gas Refining & Marketing,741865291776.0,44.414013,6.131,1.1318299,,,85.369,,0.269,0.00356,-0.12848,7.08,0.945,,0.54997003,0.28011,405.87097,2.90323,hold,31.0,1784714400.0
HINDUNILVR.NS,2026-10-06,Hindustan Unilever Limited,Consumer Defensive,Household & Personal Products,4448481443840.0,42.450676,35.643333,9.127152,,,3.016,0.084,0.05,0.22644,0.20725,2.39,0.327,,0.62274,0.20715,2412.3157,1.94872,buy,38.0,1785232800.0
HINDCOPPER.NS,2026-10-06,Hindustan Copper Limited,Basic Materials,Copper,469006647296.0,41.311756,23.42995,14.045758,,,3.319,1.619,0.814,0.32494,0.48891997,0.6,1.511,,0.60141,0.08416,715.0,,none,1.0,
HAL.NS,2026-10-06,Hindustan Aeronautics Limited,Industrials,Aerospace & Defense,3230918770688.0,34.661358,27.970596,7.872395,,,0.16,0.149,0.144,0.27591,0.15674,0.43,0.495,,0.71639,0.16215,5516.607,1.82143,buy,28.0,1786528800.0
POWERINDIA.NS,2026-10-06,Hitachi Energy India Limited,Industrials,Electrical Equipment & Parts,1417846849536.0,124.08333,63.40228,27.39292,,,1.663,1.235,0.686,0.12555,0.15841,0.03,0.615,,0.71536005,0.101110004,37240.4,2.35,buy,20.0,
HINDZINC.NS,2026-10-06,Hindustan Zinc Limited,Basic Materials,Other Industrial Metals & Mining,2367446056960.0,13.872246,12.520223,10.4619465,,,39.034,1.446,0.717,0.38068,0.54707,1.96,0.673,,0.88629997,0.0554,641.2857,2.21429,buy,14.0,1784887200.0
HONAUT.NS,2026-10-06,Honeywell Automation India Limited,Industrials,Electrical Equipment & Parts,298731077632.0,54.68459,40.675823,6.6895375,,,2.476,0.209,0.018,0.117180005,0.13202,0.33,0.556,,0.75148004,0.14015001,39925.0,,none,4.0,1785319200.0
HONASA.NS,2026-10-06,Honasa Consumer Limited,Consumer Defensive,Household & Personal Products,156002598912.0,62.795277,45.294956,11.009617,,,9.586,1.19,0.27,0.09749,0.13189,0.68,0.649,,0.38729998,0.42933998,558.0,1.8125,buy,16.0,
HYUNDAI.NS,2026-10-06,Hyundai Motor India Limited,Consumer Cyclical,Auto Manufacturers,1614437941248.0,32.60955,21.738512,8.067778,,,5.484,-0.351,-0.005,0.07004,0.05844,1.05,,,0.825,0.13266,2328.2144,1.64286,buy,28.0,
HUDCO.NS,2026-10-06,Housing and Urban Development Corporation Limited,Financial Services,Credit Services,316900769792.0,7.421472,6.5958333,1.4416466,,,645.775,0.349,0.098,0.90679,0.90609,3.7,0.843,,0.75,0.10271,214.0,1.0,strong_buy,1.0,
HOMEFIRST.NS,2026-10-06,Home First Finance Company India Limited,Financial Services,Mortgage Finance,115960528896.0,20.601894,14.091856,2.6557722,,,243.944,0.323,0.297,0.51428,0.66038,0.47,0.589,,0.093380004,0.66700995,1428.174,1.3913,strong_buy,23.0,
ICICIAMC.NS,2026-10-06,ICICI Prudential Asset Management Company Limited,Financial Services,Asset Management,1521673699328.0,43.731533,33.321888,36.480946,,,4.066,0.231,0.181,0.55504,0.73660004,0.81,,,0.34592,0.60583997,3662.0,1.66667,buy,18.0,
ICICIBANK.NS,2026-10-06,ICICI Bank Limited,Financial Services,Banks - Regional,9630555045888.0,17.342295,14.386143,2.5295212,0.16073999,0.021070002,,0.138,0.114,0.27531,0.38509998,0.9,0.261,,0.0353,0.59219,1747.4524,1.11905,strong_buy,42.0,1792231200.0
ICICIPRULI.NS,2026-10-06,ICICI Life Insurance Limited,Financial Services,Insurance - Life,663805296640.0,40.065674,31.99581,4.8647065,0.12571,0.0034400001,18.052,0.285,0.125,0.02555,0.0164,0.36,0.495,1.04,0.23643999,0.7029,663.8182,1.4375,strong_buy,33.0,1791885600.0
ICICIGI.NS,2026-10-06,ICICI Lombard General Insurance Company Limited,Financial Services,Insurance - Diversified,797834870784.0,33.768238,23.262276,4.6766686,0.1463,0.026500002,,-0.462,0.109,0.08764,0.07438,0.88,0.447,0.283,0.02471,0.83247,1864.2084,2.41667,buy,24.0,1791972000.0
IDBI.NS,2026-10-06,IDBI Bank Limited,Financial Services,Banks - Regional,936749301760.0,10.048443,17.779593,1.3260275,0.13874,0.02199,,0.053,0.081,0.48589,0.54237,0.0,0.913,,0.45554,0.49800998,,,none,,
IFCI.NS,2026-10-06,IFCI Limited,Financial Services,Credit Services,176531456000.0,102.375,18.613636,1.9367998,,,22.723,-0.2,-0.063,0.12699,0.24118,0.0,0.669,,0.73140997,0.03558,,,none,,
IIFL.NS,2026-10-06,IIFL Finance Limited,Financial Services,Credit Services,252728328192.0,12.090539,7.6864085,1.8155849,,,447.421,1.895,0.318,0.24174,0.42165002,0.67,0.309,,0.46883,0.20187001,730.0,1.2,strong_buy,6.0,1784714400.0
INOXINDIA.NS,2026-10-06,INOX India Limited,Industrials,Specialty Industrial Machinery,189636968448.0,77.30541,45.473106,16.938456,,,7.251,-0.049,0.092,0.15748,0.17899999,0.1,0.545,,0.74896,0.092180006,2153.3333,,none,3.0,
IDFCFIRSTB.NS,2026-10-06,IDFC First Bank Limited,Financial Services,Banks - Regional,703018958848.0,31.478765,12.001566,1.4425492,0.052649997,0.0058899997,,1.164,0.298,0.09093001,0.20751,0.3,0.578,,0.12866001,0.45349,91.0,1.95652,buy,22.0,1792836000.0
IRB.NS,2026-10-06,IRB Infrastructure Developers Limited,Industrials,Infrastructure Operations,207258484736.0,21.721518,12.121812,0.97069806,,,95.6,0.471,-0.089,0.15478,0.22489999,1.19,-0.015,,0.67996,0.14759,27.9,,none,5.0,
IRCON.NS,2026-10-06,Ircon International Limited,Industrials,Engineering & Construction,101293539328.0,15.884954,13.987013,1.5237044,,,85.833,-0.434,0.095,0.05667,0.08193,1.78,0.645,,0.65169,0.03372,136.0,,none,1.0,
ITC.NS,2026-10-06,ITC Limited,Consumer Defensive,Tobacco,3319333912576.0,16.723484,15.7691145,4.5775805,,,3.293,-0.16,-0.111,0.25937998,0.24867001,5.95,-0.063,,0.29488,0.52244,327.15152,2.26471,buy,33.0,1785492000.0
ITI.NS,2026-10-06,ITI Limited,Technology,Communication Equipment,237400784896.0,134.0,,12.449381,,,40.144,,-0.147,0.15359001,-0.025220001,0.0,0.093,,0.97900003,0.00067000004,,,none,,
ITCHOTELS.NS,2026-10-06,ITC Hotels Limited,Consumer Cyclical,Resorts & Casinos,333227819008.0,38.36211,27.285551,2.8582916,,,0.634,0.359,0.148,0.20283002,0.20086999,0.63,,,0.46351,0.31475002,212.06667,1.2,strong_buy,15.0,
INDIANB.NS,2026-10-06,Indian Bank,Financial Services,Banks - Regional,1090569437184.0,8.530713,7.3657155,1.2997802,0.16171,0.0134000005,,0.475,0.103,0.36413,0.48043,2.25,0.327,,0.76411,0.17297001,1013.375,1.26667,strong_buy,16.0,1783677600.0
INDIAMART.NS,2026-10-06,IndiaMART InterMESH Limited,Consumer Cyclical,Internet Retail,95927164928.0,19.144262,15.332196,4.321464,0.23146,0.072459996,0.974,0.119,0.114,0.30618998,0.33808997,1.88,0.286,1.996,0.57910997,0.13552,2095.9443,2.61111,hold,18.0,1784628000.0
INDIACEM.NS,2026-10-06,The India Cements Limited,Basic Materials,Building Materials,137408249856.0,100.54422,17.59524,0.9048112,,,12.888,,-0.005,0.020650001,0.08218,0.0,0.303,,0.7523,0.11209,440.0,,none,4.0,
INDHOTEL.NS,2026-10-06,The Indian Hotels Company Limited,Consumer Cyclical,Lodging,1058409086976.0,49.038204,39.21908,7.9790835,,,18.987,0.207,0.151,0.20868999,0.24399,0.45,-0.085,,0.39345002,0.37034,833.4138,1.55172,buy,29.0,1784628000.0
IEX.NS,2026-10-06,Indian Energy Exchange Limited,Financial Services,Capital Markets,93465460736.0,18.438597,16.771267,6.8931594,,,0.818,0.118,0.101,0.66222,0.83748,3.84,0.439,,0.13441,0.34252998,140.16667,,none,12.0,1784800800.0
IOC.NS,2026-10-06,Indian Oil Corporation Limited,Energy,Oil & Gas Refining & Marketing,,5.3559732,6.9508896,0.8210912,,,58.446,,0.385,0.0392,-0.0013,2.49,0.818,,0.73394996,0.14257,159.83871,2.45161,buy,31.0,1785492000.0
IOB.NS,2026-10-06,Indian Overseas Bank,Financial Services,Banks - Regional,602731249664.0,10.53872,34.77778,1.5498118,0.16525999,0.0133299995,,0.459,0.481,0.36560002,0.37078997,0.0,0.295,,0.92438006,0.04318,,,none,,
IRCTC.NS,2026-10-06,Indian Railway Catering & Tourism Corporation Limited,Consumer Cyclical,Travel Services,364039995392.0,26.122272,20.314732,8.449226,,,1.874,0.0,0.181,0.25677,0.2733,1.99,0.287,,0.62397,0.16906,646.2222,2.0,buy,9.0,1786528800.0
IREDA.NS,2026-10-06,Indian Renewable Energy Development Agency Limited,Financial Services,Credit Services,306627608576.0,15.526316,11.081218,2.2242827,,,565.671,0.33,0.237,0.69254994,0.85359,1.38,0.049,,0.71757007,0.04241,145.0,,none,2.0,
IRFC.NS,2026-10-06,Indian Railway Finance Corporation Limited,Financial Services,Credit Services,1007712534528.0,14.02,10.563013,1.7741526,,,773.347,0.097,0.103,0.97271,0.97759,2.75,0.313,,0.82899004,0.048,60.0,,none,1.0,1785405600.0
IGL.NS,2026-10-06,Indraprastha Gas Limited,Utilities,Utilities - Regulated Gas,197946212352.0,15.571586,10.320129,1.7192574,,,0.848,-0.438,0.172,0.080819994,0.03411,2.11,0.526,,0.5,0.33733,184.1,1.76667,buy,30.0,1786615200.0
INDUSINDBK.NS,2026-10-06,IndusInd Bank Limited,Financial Services,Banks - Regional,703918309376.0,53.45858,11.484151,1.070195,,,,0.717,0.01,0.076469995,0.27308,0.17,0.542,,0.16339001,0.53597,999.3514,3.21622,hold,37.0,1792749600.0
NAUKRI.NS,2026-10-06,Info Edge (India) Limited,Communication Services,Internet Content & Information,798142234624.0,49.967556,52.237717,2.1051877,,,0.64,0.507,0.114,0.47402,0.34807998,1.2,0.319,,0.47015,0.35459,1470.2273,1.40909,strong_buy,22.0,1786356000.0
INDUSTOWER.NS,2026-10-06,Indus Towers Limited,Communication Services,Telecom Services,1028640800768.0,14.235401,12.771419,2.4856455,0.18912001,0.09729,51.79,0.006,0.046,0.21776,0.31208,3.68,0.176,1.845,0.51313996,0.3336,436.66666,2.54167,hold,24.0,1785146400.0
INFY.NS,2026-10-06,Infosys Limited,Technology,Information Technology Services,4068367663104.0,13.684605,12.557318,4.390398,0.32,0.15297,9.541,0.053,0.029,0.16370001,0.21173,4.9,0.116,1.862,0.15976,0.51188,1188.0952,2.14286,buy,42.0,1792749600.0
IGIL.NS,2026-10-06,International Gemological Institute Limited,Basic Materials,Other Precious Metals & Mining,138377527296.0,23.806692,18.080183,9.299489,,,9.594,0.32,0.232,0.44739,0.56596,1.61,,,0.76555,0.09405,495.5,1.5,strong_buy,4.0,
INDIGO.NS,2026-10-06,InterGlobe Aviation Limited,Industrials,Airlines,1945551634432.0,,21.63182,27.897694,,,1112.706,,0.199,-0.053969998,0.01543,0.0,0.643,,0.4157,0.44252,5611.32,1.52,buy,25.0,1784800800.0
INOXWIND.NS,2026-10-06,Inox Wind Limited,Industrials,Specialty Industrial Machinery,119611334656.0,28.71784,14.418749,1.6222107,,,20.631,-0.383,-0.015,0.078260005,0.11532,0.0,0.423,,0.47226003,0.21131,111.66667,,none,6.0,
IKS.NS,2026-10-06,Inventurus Knowledge Solutions Limited,Healthcare,Health Information Services,295286669312.0,39.176495,25.394474,10.517385,,,26.873,0.279,0.207,0.22817,0.29167998,0.0,,,0.70976996,0.097959995,2023.3334,1.55556,buy,9.0,
IPCALAB.NS,2026-10-06,Ipca Laboratories Limited,Healthcare,Drug Manufacturers - Specialty & Generic,494824718336.0,37.930767,27.70362,6.136363,,,8.492,0.724,0.208,0.12935,0.20039,0.31,0.036,,0.45058,0.45455003,1981.7222,1.47059,strong_buy,18.0,1786615200.0
JBMA.NS,2026-10-06,JBM Auto Limited,Consumer Cyclical,Auto Parts,130639437824.0,58.270046,27.87084,11.442065,,,190.282,0.141,0.15,0.03571,0.08274,0.16,0.171,,0.82996005,0.01571,,,none,,
INTELLECT.NS,2026-10-06,Intellect Design Arena Limited,Technology,Software - Application,83552083968.0,24.088896,14.535193,2.6207762,,,4.961,0.081,0.204,0.11095,0.1285,0.67,0.673,,0.4345,0.14654,947.0,1.0,strong_buy,4.0,
JKTYRE.NS,2026-10-06,JK Tyre & Industries Limited,Consumer Cyclical,Auto Parts,97758969856.0,14.572411,9.903621,1.6129646,,,80.551,-0.743,0.02,0.04003,0.03359,1.18,0.509,,0.61052,0.14856,483.8,1.6,buy,5.0,
JSWINFRA.NS,2026-10-06,JSW Infrastructure Limited,Industrials,Marine Shipping,839824965632.0,51.16361,32.385357,6.953763,,,59.002,-0.103,0.181,0.26578,0.35162997,0.25,0.549,,0.74142,0.15802,374.58823,,none,17.0,
JKCEMENT.NS,2026-10-06,J.K. Cement Limited,Basic Materials,Building Materials,384177733632.0,40.871353,25.527983,5.459201,,,87.522,-0.145,0.28,0.06559,0.1193,0.4,0.389,,0.54268,0.34937,6249.7856,1.65517,buy,28.0,1784368800.0
JMFINANCIL.NS,2026-10-06,JM Financial Limited,Financial Services,Capital Markets,119261954048.0,11.4645815,8.308001,1.1183101,,,102.435,-0.357,-0.103,0.30868,0.47229,1.42,0.409,,0.2458,0.50043,165.0,,none,1.0,
JSWCEMENT.NS,2026-10-06,JSW Cement Limited,Basic Materials,Building Materials,152832049152.0,19.891037,19.55121,2.3174577,,,68.39,,0.199,0.10869,0.106000006,0.45,,,0.76105005,0.18604,149.0,1.52941,buy,16.0,
JSWSTEEL.NS,2026-10-06,JSW Steel Limited,Basic Materials,Steel,3071971164160.0,12.394131,17.273315,3.070156,,,95.374,1.13,0.098,0.13065,0.15299,0.57,0.628,,0.63598996,0.17122999,1381.5428,2.28571,buy,35.0,1792749600.0
JSWENERGY.NS,2026-10-06,JSW Energy Limited,Utilities,Utilities - Independent Power Producers,907391139840.0,44.01778,29.306684,2.8280337,,,229.16,-0.395,0.012,0.10373,0.38092,0.41,0.266,,0.66706,0.21586001,615.0455,2.28571,buy,22.0,1784714400.0
JINDALSAW.NS,2026-10-06,Jindal Saw Limited,Basic Materials,Steel,178693324800.0,27.857851,12.027898,1.420217,,,38.19,-0.754,0.09,0.03578,0.05233,0.73,0.465,,0.63552,0.15907,360.0,,none,2.0,
JPPOWER.NS,2026-10-06,Jaiprakash Power Ventures Limited,Utilities,Utilities - Independent Power Producers,103281623040.0,21.225353,-8.864705,1.1570058,,,26.634,0.677,0.122,0.111420006,0.36141,0.0,0.338,,0.32986,0.11326,,,none,,
JSL.NS,2026-10-06,Jindal Stainless Limited,Basic Materials,Steel,624347971584.0,19.489454,14.598786,13.8713455,,,37.523,0.076,0.105,0.07379,0.09104,0.54,0.557,,0.64682,0.16459,883.26666,,none,15.0,1785751200.0
JAINREC.NS,2026-10-06,Jain Resource Recycling Limited,Basic Materials,Other Industrial Metals & Mining,100765057024.0,28.40467,18.884398,6.5988703,,,81.887,0.141,0.759,0.03126,0.038599998,0.0,,,0.80556,0.06748,391.5,,none,4.0,
JINDALSTEL.NS,2026-10-06,Jindal Steel Limited,Basic Materials,Steel,1098480156672.0,40.40419,12.264474,2.157724,,,43.613,-0.437,0.259,0.04818,0.111999996,0.18,0.69,,0.63857,0.22978,1222.2188,,none,32.0,1784887200.0
J&KBANK.NS,2026-10-06,Jammu and Kashmir Bank Limited,Financial Services,Banks - Regional,154011385856.0,6.688666,5.5499997,0.90669817,0.14609,0.01248,,-0.116,-0.043,0.34216,0.38034,0.0,0.488,,0.64322996,0.10983,218.0,,none,1.0,
JIOFIN.NS,2026-10-06,Jio Financial Services Limited,Financial Services,Asset Management,1436315418624.0,67.552795,48.7713,1.0287746,,,16.286,1.702,2.082,0.55006003,0.63313997,0.28,0.516,,0.50187,0.19516,290.33334,1.0,strong_buy,3.0,
JUBLFOOD.NS,2026-10-06,Jubilant FoodWorks Limited,Consumer Cyclical,Restaurants,,82.598564,52.282257,13.224491,,,205.318,0.06,0.137,0.04415,0.096829996,0.27,0.186,,0.40713,0.45141,563.9286,1.89286,buy,28.0,1786615200.0
JUBLINGREA.NS,2026-10-06,Jubilant Ingrevia Limited,Basic Materials,Specialty Chemicals,101206704128.0,32.70642,21.513596,3.243694,,,25.328,0.406,0.253,0.06637,0.113900006,0.79,0.279,,0.50882,0.27885,975.5,1.33333,strong_buy,6.0,
JYOTICNC.NS,2026-10-06,Jyoti CNC Automation Limited,Industrials,Specialty Industrial Machinery,243138035712.0,75.6082,44.177685,12.156323,,,42.609,-0.201,0.24,0.14681,0.18441999,0.0,-0.42,,0.67337,0.14242,985.3333,,none,3.0,
KPITTECH.NS,2026-10-06,KPIT Technologies Limited,Technology,Software - Application,133595512832.0,23.06156,15.940097,3.77291,,,23.624,-0.318,0.089,0.08839,0.122530006,1.53,0.007,,0.443,0.2884,625.6667,2.90476,hold,21.0,1785319200.0
KSB.NS,2026-10-06,KSB Limited,Industrials,Specialty Industrial Machinery,139814404096.0,56.814,39.96766,8.22801,0.15192,0.06953,0.371,-0.186,0.036,0.09007,0.09671,0.55,-0.166,2.044,0.69966006,0.13876,869.0,,none,2.0,
JWL.NS,2026-10-06,Jupiter Wagons Limited,Industrials,Railroads,96111329280.0,59.81117,23.861008,3.2486818,,,33.365,-0.143,0.46,0.05329,0.06895,0.0,0.343,,0.7243,0.06505,255.5,,none,4.0,
KPRMILL.NS,2026-10-06,K.P.R. Mill Limited,Consumer Cyclical,Textile Manufacturing,376398053376.0,41.234524,30.555864,6.592596,,,10.463,0.215,0.096,0.13378,0.16448,0.47,0.361,,0.6754,0.22569,1216.8182,1.54545,buy,11.0,1786356000.0
KAJARIACER.NS,2026-10-06,Kajaria Ceramics Limited,Industrials,Building Products & Equipment,191400247296.0,35.21249,27.971752,6.3273716,,,7.302,0.554,0.204,0.107980005,0.16424999,0.99,0.486,,0.62705004,0.30617002,1388.0,1.88462,buy,25.0,1785492000.0
KPIL.NS,2026-10-06,Kalpataru Projects International Limited,Industrials,Engineering & Construction,249584074752.0,22.3232,15.922698,3.2094429,,,45.814,0.452,0.038,0.04151,0.066360004,0.8,0.457,,0.337,0.49296,1609.8,1.1,strong_buy,20.0,1786442400.0
KAYNES.NS,2026-10-06,Kaynes Technology India Limited,Technology,Electronic Components,227985063936.0,66.20145,37.782112,4.891575,,,19.168,-0.004,0.405,0.08866999,0.11689,0.0,-0.14,,0.54909,0.14312,3723.087,3.17391,hold,23.0,
KARURVYSYA.NS,2026-10-06,The Karur Vysya Bank Limited,Financial Services,Banks - Regional,314988527616.0,11.493827,9.891349,2.2326598,,,,0.45,0.26,0.41307,0.56661,0.8,-0.107,,0.00532,0.42528,363.7,1.45,strong_buy,20.0,1792058400.0
KEI.NS,2026-10-06,KEI Industries Limited,Industrials,Electrical Equipment & Parts,439064854528.0,42.778503,31.302374,6.5875764,,,3.796,0.4,0.23,0.08076,0.1153,0.1,0.621,,0.35994,0.42968,5761.75,2.30435,buy,24.0,1785751200.0
KALYANKJIL.NS,2026-10-06,Kalyan Jewellers India Limited,Consumer Cyclical,Luxury Goods,570853097472.0,39.8522,28.492458,9.037622,,,96.966,0.316,0.457,0.036730003,0.04887,0.45,-0.205,,0.62861997,0.20713,760.5,1.2,strong_buy,10.0,
KEC.NS,2026-10-06,KEC International Limited,Industrials,Engineering & Construction,99811696640.0,18.026443,10.271449,1.6204034,,,87.306,-0.417,0.0,0.02355,0.04777,1.48,0.082,,0.04555,0.73369,545.68,1.76,buy,25.0,
KIRLOSBROS.NS,2026-10-06,Kirloskar Brothers Limited,Industrials,Specialty Industrial Machinery,138886217728.0,36.666668,,5.636554,,,10.101,-0.001,0.129,0.08009,0.080010004,0.4,0.312,,0.69241995,0.12956001,,,none,,
KFINTECH.NS,2026-10-06,KFin Technologies Limited,Technology,Software - Application,149188608000.0,43.829353,31.024563,8.899109,,,3.314,-0.025,0.301,0.24400999,0.26553,1.38,-0.207,,0.14502,0.64739996,1100.7648,,none,17.0,
KIRLOSENG.NS,2026-10-06,Kirloskar Oil Engines Limited,Industrials,Specialty Industrial Machinery,329678389248.0,60.426895,39.698513,9.093136,,,154.864,-0.199,0.134,0.06868,0.12594,0.31,0.701,,0.4282,0.31833,2471.0,1.5,strong_buy,6.0,
LTF.NS,2026-10-06,L&T Finance Limited,Financial Services,Credit Services,661690056704.0,20.836622,13.561614,2.3553343,,,393.442,0.282,0.293,0.33076,0.45948002,1.04,0.684,,0.65946996,0.18112,342.61905,1.95238,buy,21.0,1792058400.0
LTTS.NS,2026-10-06,L&T Technology Services Limited,Technology,Information Technology Services,342785949696.0,26.32771,19.831583,5.2914715,,,8.911,0.128,0.026,0.11684,0.15689999,1.8,0.225,,0.73513,0.13211,3564.0667,2.73333,hold,30.0,1792404000.0
LGEINDIA.NS,2026-10-06,LG Electronics India Limited,Technology,Consumer Electronics,1194775150592.0,65.45928,44.146667,15.586232,,,5.99,0.272,0.155,0.07135,0.109560005,0.0,,,0.85,0.0731,1886.3,1.63333,buy,30.0,
KIMS.NS,2026-10-06,Krishna Institute of Medical Sciences Limited,Healthcare,Medical Care Facilities,290938519552.0,130.20677,40.966034,12.333303,,,166.226,-0.469,0.353,0.048499998,0.10394,0.0,0.273,,0.41736,0.41574,873.0,1.4375,strong_buy,16.0,1785751200.0
LTFOODS.NS,2026-10-06,LT Foods Limited,Consumer Defensive,Packaged Foods,141731282944.0,22.5,13.492561,7.95211,,,35.617,0.089,0.264,0.05485,0.09151,0.99,0.393,,0.61607,0.16036,519.0,2.0,buy,2.0,
KOTAKBANK.NS,2026-10-06,Kotak Mahindra Bank Limited,Financial Services,Banks - Regional,4297484926976.0,21.052631,18.390436,2.3710077,,,,0.225,0.21,0.28467,0.34761003,0.16,0.33,,0.28406,0.47429,467.86487,1.62162,buy,37.0,1784368800.0
LICHSGFIN.NS,2026-10-06,LIC Housing Finance Limited,Financial Services,Mortgage Finance,275691569152.0,4.766071,4.6209335,0.66555125,,,642.522,0.099,0.145,0.65177,0.82443,1.98,0.249,,0.02342,0.74047995,589.28,2.44,buy,25.0,1785405600.0
LAURUSLABS.NS,2026-10-06,Laurus Labs Limited,Healthcare,Drug Manufacturers - Specialty & Generic,1100723912704.0,100.70193,69.06928,20.7507,,,46.369,1.252,0.291,0.1504,0.25386,0.12,0.335,,0.32031,0.33505002,1592.1538,2.64286,hold,13.0,1784887200.0
LEMONTREE.NS,2026-10-06,Lemon Tree Hotels Limited,Consumer Cyclical,Lodging,86390571008.0,36.734005,22.109324,6.206622,,,96.367,0.208,0.092,0.15843001,0.33394,0.0,-0.133,,0.22326,0.40265998,150.27274,1.22727,strong_buy,22.0,1786096800.0
LENSKART.NS,2026-10-06,Lenskart Solutions Limited,Healthcare,Medical Instruments & Supplies,1186902179840.0,184.77089,95.8382,13.62146,,,34.983,2.581,0.433,0.06803,0.10458,0.0,,,0.38439998,0.38914,699.4783,1.69565,buy,23.0,
LTM.NS,2026-10-06,LTM Limited,Technology,Information Technology Services,1179470921728.0,22.567928,17.35617,4.8075647,0.21966,0.12687,9.874,0.169,0.18,0.118669994,0.15501,1.87,0.305,2.932,0.68584,0.18784,4396.7896,2.55263,hold,38.0,1783764000.0
LT.NS,2026-10-06,Larsen & Toubro Limited,Industrials,Engineering & Construction,5166514831360.0,31.14973,20.86586,4.7265477,,,97.64,0.14,0.081,0.05588,0.10609999,1.01,0.522,,0.14828,0.52686,4495.3794,1.7,buy,29.0,1785232800.0
LICI.NS,2026-10-06,Life Insurance Corporation of India,Financial Services,Insurance - Life,4937925787648.0,8.219625,6.6377993,2.7960234,,,0.431,0.4,0.068,0.06515,0.06426,2.57,0.545,,0.89999,0.05929,527.34784,1.43478,strong_buy,23.0,1786010400.0
LINDEINDIA.NS,2026-10-06,Linde India Limited,Basic Materials,Specialty Chemicals,521598304256.0,92.31698,71.07495,12.225301,,,1.85,-0.025,0.216,0.20587,0.19898,0.07,-0.028,,0.77975,0.07813,6683.0,,none,2.0,1786442400.0
LODHA.NS,2026-10-06,Lodha Developers Limited,Real Estate,Real Estate - Development,1137215930368.0,28.296865,23.190495,4.8821397,,,42.238,1.033,0.431,0.22692,0.37088,0.38,0.65,,0.70292,0.19251,1348.2222,,none,18.0,1784887200.0
LUPIN.NS,2026-10-06,Lupin Limited,Healthcare,Drug Manufacturers - Specialty & Generic,927749963776.0,16.637691,19.92699,4.1318326,,,29.388,0.16,0.32,0.18450001,0.25354,0.9,0.166,,0.47019002,0.34798,2469.4722,2.69444,hold,36.0,1786010400.0
MRF.NS,2026-10-06,MRF Limited,Consumer Cyclical,Auto Parts,525477609472.0,21.69053,18.50455,2.5053093,,,15.288,-0.01,0.096,0.075840004,0.06452,0.19,0.15,,0.47884998,0.18525,139232.3,,none,10.0,1786442400.0
LLOYDSME.NS,2026-10-06,Lloyds Metals and Energy Limited,Basic Materials,Steel,1036439191552.0,21.597094,12.820548,7.4727454,,,145.214,1.693,2.086,0.21511999,0.34264,0.06,0.171,,0.77692,0.030940002,2132.5715,,none,7.0,
MTARTECH.NS,2026-10-06,MTAR Technologies Limited,Industrials,Specialty Industrial Machinery,237156450304.0,174.43439,45.16696,28.82351,,,45.778,3.639,1.304,0.12352,0.20892,0.0,1.393,,0.292,0.32689998,9200.0,1.0,strong_buy,5.0,
MMTC.NS,2026-10-06,MMTC Limited,Industrials,Conglomerates,85514993664.0,19.130873,,4.033536,,,0.114,1.3,-0.5,163.86812,-30.72059,0.0,0.659,,0.89927,0.01736,,,none,,
M&MFIN.NS,2026-10-06,Mahindra & Mahindra Financial Services Limited,Financial Services,Credit Services,450099281920.0,13.84188,10.6440525,1.6890376,,,429.851,0.64,0.367,0.30887,0.43799,2.3,0.391,,0.53635,0.374,396.64706,1.70588,buy,34.0,1792576800.0
MGL.NS,2026-10-06,Mahanagar Gas Limited,Utilities,Utilities - Regulated Gas,102551085056.0,14.312103,11.1087265,1.5955124,,,3.461,-0.393,0.139,0.08382,0.09854999,3.45,0.734,,0.42501,0.35064,1308.8334,,none,30.0,1785405600.0
M&M.NS,2026-10-06,Mahindra & Mahindra Limited,Consumer Cyclical,Auto Manufacturers,3416048271360.0,17.318438,18.058464,3.4151435,,,125.278,0.334,0.275,0.08609,0.17031,1.15,0.291,,0.25174,0.53098,4173.5884,1.22857,strong_buy,34.0,1785405600.0
MRPL.NS,2026-10-06,Mangalore Refinery and Petrochemicals Limited,Energy,Oil & Gas Refining & Marketing,302130495488.0,9.614613,3.3669922,2.120288,,,108.059,,1.204,0.028670002,0.02396,2.32,0.114,,0.89967,0.02034,182.5,,none,2.0,
MANAPPURAM.NS,2026-10-06,Manappuram Finance Limited,Financial Services,Credit Services,288282247168.0,18.78213,9.954618,1.7960707,,,360.191,2.885,0.801,0.30516002,0.52393,1.29,0.819,,0.31914,0.41057,369.33334,2.33333,buy,15.0,1786442400.0
MARICO.NS,2026-10-06,Marico Limited,Consumer Defensive,Household & Personal Products,1030411452416.0,55.12847,40.72972,24.478123,,,12.394,0.247,0.214,0.13159999,0.19282,0.51,0.182,,0.5894,0.25265,956.89746,1.725,buy,39.0,1785837600.0
MANKIND.NS,2026-10-06,Mankind Pharma Limited,Healthcare,Drug Manufacturers - Specialty & Generic,1032158314496.0,51.70494,35.191814,6.328812,,,38.111,0.296,0.129,0.13859999,0.20605,0.0,0.445,,0.75391996,0.188,2750.158,2.31579,buy,19.0,1785405600.0
MARUTI.NS,2026-10-06,Maruti Suzuki India Limited,Consumer Cyclical,Auto Manufacturers,3636380041216.0,25.6948,19.211475,3.3935134,,,0.096,-0.091,0.359,0.07269,0.04828,1.21,0.26,,0.61585,0.25885,15828.948,1.5641,buy,39.0,1785492000.0
MFSL.NS,2026-10-06,Max Financial Services Limited,Financial Services,Insurance - Life,465959419904.0,416.3497,121.24553,8.8220005,,,36.453,0.373,0.168,0.00221,0.011879999,0.0,0.705,,0.020769998,0.79968,2006.72,1.2,strong_buy,25.0,1793095200.0
MAXHEALTH.NS,2026-10-06,Max Healthcare Institute Limited,Healthcare,Medical Care Facilities,876368560128.0,61.968346,38.608,8.15336,,,32.367,0.048,0.167,0.16723,0.19728,0.22,0.099,,0.28203,0.59375,1165.0385,2.0,buy,26.0,1786615200.0
MEESHO.NS,2026-10-06,Meesho Limited,Consumer Cyclical,Internet Retail,1117324967936.0,,182.85661,25.429262,,,1.428,,0.483,-0.08682,-0.065799996,0.0,,,0.39176,0.42976,209.77779,2.44444,buy,18.0,
MAZDOCK.NS,2026-10-06,Mazagon Dock Shipbuilders Limited,Industrials,Aerospace & Defense,845887832064.0,29.597742,27.229544,8.671417,,,4.481,0.215,0.121,0.20120001,0.14191,0.87,0.643,,0.81218004,0.06272,2509.7693,3.0,hold,13.0,
MOTILALOFS.NS,2026-10-06,Motilal Oswal Financial Services Limited,Financial Services,Capital Markets,647627735040.0,32.59636,18.199528,5.015691,,,165.8,0.087,0.239,0.22963,0.51267,0.59,0.38,,0.52705,0.2914,1120.8,,none,5.0,
MINDACORP.NS,2026-10-06,Minda Corporation Limited,Consumer Cyclical,Auto Parts,155161673728.0,30.54912,28.370531,5.880018,,,55.351,2.158,0.332,0.07539,0.07735,0.25,0.481,,0.67469,0.21502,794.0,,none,8.0,
MCX.NS,2026-10-06,Multi Commodity Exchange of India Limited,Financial Services,Financial Data & Stock Exchanges,,68.9599,40.791435,19.969639,,,0.113,1.034,0.853,0.5556,0.69577,0.25,0.714,,0.19534999,0.5133,3441.5625,1.5,strong_buy,16.0,1785837600.0
MSUMI.NS,2026-10-06,Motherson Sumi Wiring India Limited,Consumer Cyclical,Auto Parts,220768043008.0,35.042107,22.645798,10.211657,,,10.788,0.0,0.364,0.05088,0.05855,1.76,0.048,,0.61749,0.20743,48.57143,,none,14.0,1785837600.0
MPHASIS.NS,2026-10-06,Mphasis Limited,Technology,Information Technology Services,438402187264.0,23.463032,18.080454,3.8674738,0.17743999,0.09043,24.675,0.107,0.175,0.115559995,0.14783,2.7,0.526,1.459,0.31124002,0.55708003,2616.1943,1.80556,buy,36.0,1793872800.0
MUTHOOTFIN.NS,2026-10-06,Muthoot Finance Limited,Financial Services,Credit Services,1077621686272.0,9.408012,8.408489,2.654155,0.31735,0.06402,393.56,0.388,0.353,0.55502,0.74571997,1.1,0.516,106.853,0.73352,0.16811001,3337.9565,2.78261,hold,23.0,1785578400.0
NBCC.NS,2026-10-06,NBCC (India) Limited,Industrials,Engineering & Construction,206819999744.0,27.956203,27.357143,6.885393,,,0.008,0.163,-0.059,0.05691,0.09309,1.23,0.706,,0.61754,0.14518,133.0,,none,1.0,
NATCOPHARM.NS,2026-10-06,NATCO Pharma Limited,Healthcare,Drug Manufacturers - Specialty & Generic,151266394112.0,12.973016,17.356087,1.5965525,,,7.742,-0.57,-0.447,0.32839,0.18961,0.72,0.149,,0.50878,0.12998,1004.44446,,none,9.0,1786701600.0
NHPC.NS,2026-10-06,NHPC Limited,Utilities,Utilities - Renewable,733086679040.0,19.306879,11.403126,1.7735548,,,113.111,0.028,0.185,0.31094998,0.46019,2.24,0.218,,0.62477,0.21544,86.0,2.85714,hold,7.0,1785837600.0
NCC.NS,2026-10-06,NCC Limited,Industrials,Engineering & Construction,80653180928.0,11.531419,9.486688,1.0249578,,,57.389,0.127,0.122,0.03261,0.081870005,1.71,0.583,,0.35761002,0.22985001,188.7,2.0,buy,10.0,1786010400.0
NLCINDIA.NS,2026-10-06,NLC India Limited,Utilities,Utilities - Regulated Electric,353384366080.0,10.807888,9.404059,1.6416305,,,110.358,-0.423,0.233,0.17458001,0.17076999,1.53,0.539,,0.72523004,0.14544,390.0,,none,1.0,
NSLNISP.NS,2026-10-06,NMDC Steel Limited,Basic Materials,Steel,119539417088.0,140.65518,,0.9056193,,,35.019,1.111,0.088,0.006,0.04299,0.0,0.714,,0.60793996,0.17061001,,,none,,
NTPCGREEN.NS,2026-10-06,NTPC Green Energy Limited,Utilities,Utilities - Renewable,759970660352.0,127.028175,33.053944,4.0743585,,,165.281,0.385,0.627,0.18476,0.58362997,0.0,,,0.89007,0.061189998,105.57143,,none,7.0,
NH.NS,2026-10-06,Narayana Hrudayalaya Limited,Healthcare,Medical Care Facilities,351281479680.0,42.780113,24.680733,7.7421665,,,129.033,0.054,0.78,0.08996,0.11686,0.26,0.125,,0.67233,0.12752,2208.4285,1.5,strong_buy,14.0,
NMDC.NS,2026-10-06,NMDC Limited,Basic Materials,Steel,651649548288.0,8.730271,7.16977,1.9096204,,,18.802,0.004,0.008,0.23216999,0.3481,2.71,0.636,,0.60797,0.20504999,89.26087,3.09091,hold,23.0,1786701600.0
NATIONALUM.NS,2026-10-06,National Aluminium Company Limited,Basic Materials,Aluminum,616740945920.0,8.997856,8.651321,2.8542528,,,0.277,0.911,0.393,0.34908,0.47623003,1.18,0.736,,0.51278,0.21895,410.69232,,none,13.0,1785492000.0
NTPC.NS,2026-10-06,NTPC Limited,Utilities,Utilities - Regulated Electric,3120872292352.0,11.241705,11.530759,1.5366876,,,128.345,0.118,0.078,0.14531,0.21673,3.84,0.354,,0.53998,0.35057,429.0,1.28571,strong_buy,28.0,1784887200.0
NAVA.NS,2026-10-06,Nava Limited,Industrials,Conglomerates,162692268032.0,21.63715,,1.858294,,,20.684,-0.1,0.016,0.17541,0.35086,1.53,0.469,,0.50501996,0.056999996,,,none,,
NESTLEIND.NS,2026-10-06,Nestlé India Limited,Consumer Defensive,Packaged Foods,2574878244864.0,66.9995,53.772667,49.930824,,,8.621,0.481,0.252,0.15623,0.21170999,0.93,0.433,,0.62765,0.17302999,1590.0278,2.38889,buy,36.0,1792058400.0
NAVINFLUOR.NS,2026-10-06,Navin Fluorine International Limited,Basic Materials,Chemicals,432527376384.0,55.665607,41.91091,10.8697195,,,32.091,1.009,0.441,0.21733,0.30179,0.18,0.238,,0.28594,0.40051997,8199.862,,none,29.0,1785924000.0
NETWEB.NS,2026-10-06,Netweb Technologies India Limited,Technology,Computer Hardware,283374583808.0,103.851845,57.125256,37.42835,,,39.019,1.784,1.721,0.096470006,0.14297,0.06,1.773,,0.6416,0.11502,5362.0,1.0,strong_buy,4.0,
NAM-INDIA.NS,2026-10-06,Nippon Life India Asset Management Limited,Financial Services,Asset Management,679340605440.0,42.69509,31.725945,14.536939,,,1.617,0.264,0.245,0.52507997,0.71078,2.03,0.642,,0.00556,0.88454,1238.9584,1.875,buy,24.0,
OBEROIRLTY.NS,2026-10-06,Oberoi Realty Limited,Real Estate,Real Estate - Development,633031491584.0,24.030367,16.36499,3.532221,,,15.765,0.289,0.317,0.41592997,0.53744,0.46,0.437,,0.67704004,0.23472,2083.077,1.84615,buy,26.0,1784282400.0
NUVAMA.NS,2026-10-06,Nuvama Wealth Management Limited,Financial Services,Asset Management,341335605248.0,34.137295,22.037842,8.169168,,,282.325,0.156,0.225,0.28107,0.3721,1.54,0.404,,0.57122004,0.18436001,2031.6666,,none,9.0,
NEULANDLAB.NS,2026-10-06,Neuland Laboratories Limited,Healthcare,Drug Manufacturers - Specialty & Generic,278408593408.0,56.894154,44.210648,14.852637,,,16.072,9.628,1.192,0.20987,0.30601,0.16,0.282,,0.37736,0.28125,24334.75,,none,4.0,
NUVOCO.NS,2026-10-06,Nuvoco Vistas Corporation Limited,Basic Materials,Building Materials,116254326784.0,30.477528,19.259056,1.1365541,,,48.061,0.198,0.089,0.03329,0.10953,0.0,0.315,,0.72018,0.19538,437.6316,1.36842,strong_buy,19.0,
ONGC.NS,2026-10-06,Oil and Natural Gas Corporation Limited,Energy,Oil & Gas Integrated,2799992832000.0,6.4326596,5.359456,0.75319797,,,42.548,0.214,0.257,0.06181,0.02931,6.45,0.157,,0.69209,0.22416,294.53333,1.83333,buy,30.0,1785837600.0
OIL.NS,2026-10-06,Oil India Limited,Energy,Oil & Gas Integrated,722132533248.0,8.69297,6.716024,1.2448895,,,58.741,0.914,0.577,0.21685,0.40747002,2.91,0.387,,0.67726,0.21125999,536.5714,1.90476,buy,21.0,1786096800.0
OLECTRA.NS,2026-10-06,Olectra Greentech Limited,Industrials,Farm & Heavy Construction Machinery,90157481984.0,51.6651,25.367207,7.348878,,,30.841,-0.003,0.657,0.06984,0.09316,0.06,0.176,,0.50267,0.05187,,,none,,
ONESOURCE.NS,2026-10-06,OneSource Specialty Pharma Limited,Healthcare,Biotechnology,175714664448.0,,20.295364,3.0199056,,,25.791,,0.372,-0.0315,0.11492,0.0,,,0.3549,0.3326,2056.0,,none,4.0,
PAYTM.NS,2026-10-06,One97 Communications Limited,Technology,Software - Infrastructure,1074972065792.0,167.95204,45.822838,6.72558,,,1.073,0.799,0.277,0.07249,0.029409999,0.0,-0.261,,0.23908001,0.51606,1837.8572,1.47619,strong_buy,21.0,1784541600.0
OLAELEC.NS,2026-10-06,Ola Electric Mobility Limited,Consumer Cyclical,Auto Manufacturers,158984126464.0,,-12.030467,4.7510896,,,82.453,,-0.45,-0.92606,-0.64176005,0.0,1.378,,0.39256,0.24595,29.875,,none,8.0,
OFSS.NS,2026-10-06,Oracle Financial Services Software Limited,Technology,Software - Infrastructure,914571198464.0,26.707363,23.186485,13.1978855,0.49897,0.30941,0.567,1.202,0.687,0.38154,0.59574,3.82,0.509,4.413,0.72388,0.13392,13175.0,1.5,strong_buy,2.0,1784714400.0
PCBL.NS,2026-10-06,PCBL Chemical Limited,Basic Materials,Specialty Chemicals,127993372672.0,49.21331,20.852562,3.1947908,,,124.132,0.589,0.17,0.030269999,0.1182,1.4,0.608,,0.070549995,0.64228,363.18182,,none,11.0,
PIIND.NS,2026-10-06,PI Industries Limited,Basic Materials,Agricultural Inputs,338805325824.0,29.079426,21.029192,3.0168314,,,3.048,-0.389,-0.104,0.17879999,0.15491,0.68,0.356,,0.46198002,0.40558997,2900.6155,2.84615,hold,26.0,1786442400.0
POLICYBZR.NS,2026-10-06,PB Fintech Limited,Financial Services,Insurance Brokers,478550622208.0,64.402985,33.267937,6.5455236,,,4.922,0.923,0.401,0.102019995,0.05251,0.0,0.44,,0.22222,0.59014,1666.08,2.24,buy,25.0,1785924000.0
PGEL.NS,2026-10-06,PG Electroplast Limited,Technology,Electronic Components,150740254720.0,73.58742,31.909367,4.9315777,,,19.567,0.137,0.353,0.03537,0.05983,0.05,-0.11,,0.45056,0.27719998,691.0,1.33333,strong_buy,9.0,
PTCIL.NS,2026-10-06,PTC Industries Limited,Industrials,Metal Fabrication,344678694912.0,280.914,59.366825,22.870388,,,17.341,4.657,0.974,0.18008,0.18277,0.0,0.345,,0.66765,0.09211001,23895.0,,none,3.0,
PAGEIND.NS,2026-10-06,Page Industries Limited,Consumer Cyclical,Apparel Manufacturing,423679918080.0,56.052357,43.583588,28.196478,,,18.422,-0.04,0.079,0.14126,0.18332,2.14,0.034,,0.4643,0.43975,41895.72,2.36,buy,25.0,1786615200.0
PARADEEP.NS,2026-10-06,Paradeep Phosphates Limited,Basic Materials,Agricultural Inputs,161199112192.0,15.277559,13.556333,2.3739026,,,101.822,0.208,0.631,0.04575,0.10035,0.98,-0.077,,0.58432996,0.22522,162.0,,none,4.0,
PNBHOUSING.NS,2026-10-06,PNB Housing Finance Limited,Financial Services,Mortgage Finance,288240467968.0,12.310091,10.438277,1.4982959,,,287.733,0.043,0.058,0.61353,0.75161004,0.72,0.295,,0.28011,0.55137,1293.4615,1.38462,strong_buy,13.0,
PERSISTENT.NS,2026-10-06,Persistent Systems Limited,Technology,Information Technology Services,862239129600.0,45.18215,31.0529,10.255676,0.25203,0.14809,6.94,0.121,0.291,0.12236,0.15962,0.65,0.115,2.711,0.33164,0.44278,5628.657,2.48571,buy,35.0,1785664800.0
PETRONET.NS,2026-10-06,Petronet LNG Limited,Energy,Oil & Gas Refining & Marketing,445275045888.0,10.747646,10.443743,1.9977255,,,10.507,0.351,-0.532,0.113199994,0.24001,3.45,0.481,,0.50181,0.27262,318.2258,2.29032,buy,31.0,1786528800.0
PATANJALI.NS,2026-10-06,Patanjali Foods Limited,Consumer Defensive,Packaged Foods,390983942144.0,19.845388,19.69315,2.9833152,,,21.295,0.861,0.274,0.046090003,0.04322,1.14,-0.186,,0.69499,0.17746,532.5,1.25,strong_buy,4.0,1786701600.0
PVRINOX.NS,2026-10-06,PVR INOX Limited,Communication Services,Entertainment,118019629056.0,45.279682,21.412153,1.6717808,,,91.874,,0.104,0.0652,0.13192001,0.0,0.388,,0.28785,0.41369,1428.875,1.23529,strong_buy,16.0,1784800800.0
PHOENIXLTD.NS,2026-10-06,The Phoenix Mills Limited,Real Estate,Real Estate - Diversified,669322575872.0,52.125347,37.511745,6.08935,,,37.211,0.233,0.128,0.28164,0.50796,0.13,0.345,,0.47822,0.3809,2111.0908,1.77273,buy,22.0,1785232800.0
PWL.NS,2026-10-06,Physicswallah Limited,Consumer Defensive,Education & Training Services,380365996032.0,1639.0,62.570683,8.354785,,,23.018,,0.239,0.00497,-0.11691,0.0,,,0.71273005,0.21837,147.375,,none,8.0,
PINELABS.NS,2026-10-06,Pine Labs Limited,Technology,Software - Infrastructure,198662979584.0,154.99098,38.99109,3.3312678,,,7.474,2.644,0.196,0.044949997,0.03083,0.0,,,0.27246,0.56536,220.18182,1.27273,strong_buy,11.0,
PIRAMALFIN.NS,2026-10-06,Piramal Finance Limited,Financial Services,Credit Services,478243225600.0,26.988272,13.327337,1.5927469,0.06038,,286.781,0.671,0.021,0.32198003,0.24709,0.55,,48.573,0.46580002,0.25823998,2338.0,1.9,buy,10.0,
PPLPHARMA.NS,2026-10-06,Piramal Pharma Limited,Healthcare,Drug Manufacturers - Specialty & Generic,262724665344.0,,48.68156,3.2238553,,,69.977,,0.174,-0.03407,-0.01249,0.0,0.342,,0.54529,0.19856001,234.18182,1.45455,strong_buy,11.0,1785319200.0
PIDILITIND.NS,2026-10-06,Pidilite Industries Limited,Basic Materials,Specialty Chemicals,1541356912640.0,58.248657,47.723778,14.218602,,,3.776,0.296,0.213,0.17202,0.24093,0.77,0.43,,0.69275004,0.15877,1776.8096,2.14286,buy,21.0,1785837600.0
POONAWALLA.NS,2026-10-06,Poonawalla Fincorp Limited,Financial Services,Credit Services,401465540608.0,50.423542,18.612457,3.5787902,,,468.058,3.37,1.003,0.22666,0.38981998,0.0,0.3,,0.60686,0.20124,528.44446,2.0,buy,9.0,1791540000.0
POLYCAB.NS,2026-10-06,Polycab India Limited,Industrials,Electrical Equipment & Parts,1222403424256.0,42.10335,31.955942,10.101651,0.25549,0.13395001,1.738,0.325,0.39,0.09184,0.12718001,0.58,0.697,1.74,0.64415,0.16282,9989.5,1.8125,buy,32.0,1784196000.0
POLYMED.NS,2026-10-06,Poly Medicure Limited,Healthcare,Medical Instruments & Supplies,164904976384.0,51.77912,33.338116,5.3090677,,,11.227,-0.075,0.303,0.15774,0.16911,0.22,0.004,,0.63575,0.18175,1824.8334,,none,6.0,
PFC.NS,2026-10-06,Power Finance Corporation Limited,Financial Services,Credit Services,1066427809792.0,4.094134,3.574668,0.74611187,,,536.837,0.021,0.008,0.54484004,0.85533994,4.84,0.634,36.784,0.55999,0.25136,469.64285,1.35714,strong_buy,14.0,1786096800.0
POWERGRID.NS,2026-10-06,Power Grid Corporation of India Limited,Utilities,Utilities - Regulated Electric,2388860076032.0,15.020468,13.26804,2.377118,,,150.813,-0.008,0.027,0.33797002,0.55737996,3.5,0.181,,0.52908003,0.36189997,319.32,2.12,buy,25.0,1785924000.0
PREMIERENE.NS,2026-10-06,Premier Energies Limited,Technology,Solar,409304006656.0,24.372313,18.548725,9.482101,,,86.005,0.53,0.353,0.19667,0.25125,0.08,-0.216,,0.67314005,0.19698,1125.6111,2.11111,buy,18.0,
PRESTIGE.NS,2026-10-06,Prestige Estates Projects Limited,Real Estate,Real Estate - Diversified,628004683776.0,55.12287,25.462767,3.8592052,0.07752,,105.493,-0.193,0.159,0.08725,0.23696,0.14,0.563,,0.64269996,0.28156,1892.3334,1.40909,strong_buy,21.0,1785319200.0
PFOCUS.NS,2026-10-06,Prime Focus Limited,Communication Services,Entertainment,229193138176.0,165.33708,30.340206,10.947845,,,224.567,,0.238,0.02349,0.096599996,0.0,0.123,,0.85556,0.0052,375.0,,none,1.0,
PRIVISCL.NS,2026-10-06,Privi Speciality Chemicals Limited,Basic Materials,Specialty Chemicals,136281964544.0,38.95489,25.003345,9.648737,,,74.399,0.36,0.192,0.13096,0.17247999,0.29,0.087,,0.58542997,0.09357,4365.0,,none,3.0,
PNB.NS,2026-10-06,Punjab National Bank,Financial Services,Banks - Regional,1283302096896.0,5.821689,6.5059586,0.82070357,0.14965999,0.01131,,1.75,-0.064,0.38147,0.47976002,2.67,0.531,,0.70079005,0.19235,121.88889,2.5,buy,18.0,1784368800.0
RBLBANK.NS,2026-10-06,RBL Bank Limited,Financial Services,Banks - Regional,640673185792.0,30.050945,20.066736,1.5238411,,,,-0.117,-0.062,0.11102,0.15658,0.24,0.703,,0.59897,0.17237,392.4,2.45,buy,20.0,1791799200.0
RHIM.NS,2026-10-06,RHI Magnesita India Limited,Industrials,Metal Fabrication,77066330112.0,,21.025352,2.1644945,,,12.595,1.216,0.056,-0.0868,0.08676,0.67,0.353,,0.57609004,0.15441,522.5,1.0,strong_buy,2.0,
RECLTD.NS,2026-10-06,REC Limited,Financial Services,Credit Services,,4.935001,4.502773,0.9377824,,,607.463,-0.061,0.252,0.6889,0.96852994,2.1,0.336,,0.52646,0.23635,410.07693,1.61538,buy,13.0,1784887200.0
RITES.NS,2026-10-06,RITES Limited,Industrials,Engineering & Construction,98043166720.0,23.529411,18.517391,3.6624775,,,0.236,0.084,0.087,0.16983,0.18431,5.35,0.263,,0.72203004,0.10378,278.0,,none,2.0,
RRKABEL.NS,2026-10-06,R R Kabel Limited,Industrials,Electrical Equipment & Parts,315903672320.0,54.678932,35.57538,12.270989,,,13.092,1.285,0.539,0.0561,0.080010004,0.42,1.42,,0.69991994,0.17877,2850.2144,1.78571,buy,14.0,
RVNL.NS,2026-10-06,Rail Vikas Nigam Limited,Industrials,Engineering & Construction,415294291968.0,46.213455,36.214542,4.228246,,,49.078,0.169,0.106,0.0432,0.040310003,0.87,0.837,,0.72841,0.083129995,165.0,,none,1.0,
RADICO.NS,2026-10-06,Radico Khaitan Limited,Consumer Defensive,Beverages - Wineries & Distilleries,600137007104.0,85.265564,56.184887,18.087397,,,15.033,0.76,0.118,0.11297,0.18275,0.21,0.501,,0.42990002,0.32426998,4711.524,1.42857,strong_buy,21.0,1785232800.0
RAILTEL.NS,2026-10-06,RailTel Corporation of India Limited,Communication Services,Telecom Services,82320703488.0,24.266794,17.272726,3.6398983,0.16254,0.0509,2.817,0.252,0.276,0.08096,0.10985,1.29,0.731,1.32,0.72844005,0.0295,245.0,,none,2.0,
RAINBOW.NS,2026-10-06,Rainbow Children's Medicare Limited,Healthcare,Medical Care Facilities,126305427456.0,43.93084,31.472775,7.6680503,,,53.558,0.133,0.332,0.1568,0.1967,0.28,0.15,,0.52182996,0.34745997,1751.5,1.5,strong_buy,14.0,
RKFORGE.NS,2026-10-06,Ramkrishna Forgings Limited,Industrials,Metal Fabrication,134471344128.0,125.61418,36.2421,3.9945972,,,74.422,2.892,0.198,0.02408,0.09783,0.14,0.456,,0.58149,0.115509994,634.0,,none,4.0,
RPOWER.NS,2026-10-06,Reliance Power Limited,Utilities,Utilities - Independent Power Producers,,,,0.5265329,,,92.348,0.472,0.038,-0.041199997,0.18153,0.0,0.901,,0.29806998,0.105909996,,,none,,
REDINGTON.NS,2026-10-06,Redington Limited,Technology,Information Technology Services,317947641856.0,18.019495,13.299542,3.1291838,,,27.26,0.767,0.346,0.013259999,0.01881,1.45,0.862,,0.26005,0.37904,438.8,1.0,strong_buy,5.0,1785319200.0
RELIANCE.NS,2026-10-06,Reliance Industries Limited,Energy,Oil & Gas Refining & Marketing,,22.006517,17.01808,1.8190391,,,46.278,-0.224,0.297,0.066149995,0.12331,0.51,0.194,,0.51798,0.28047,1674.72,1.32,strong_buy,25.0,
RUBICON.NS,2026-10-06,Rubicon Research Limited,Healthcare,Drug Manufacturers - General,266009772032.0,91.306816,55.701904,20.584883,,,24.131,0.821,0.516,0.14889,0.21330999,0.09,,,0.69149,0.18104,1897.5,1.0,strong_buy,2.0,
SBICARD.NS,2026-10-06,SBI Cards and Payment Services Limited,Financial Services,Credit Services,540914352128.0,23.782429,16.078932,3.4411366,,,280.206,0.195,0.234,0.18199,0.26674,0.44,0.227,,0.6858,0.24445,687.4583,2.58333,hold,24.0,1784887200.0
SHRIPISTON.NS,2026-10-06,SPR Auto Technologies Limited,Consumer Cyclical,Auto Parts,205273153536.0,34.588867,23.291052,6.7192936,,,65.22,0.08,0.531,0.11332,0.13877,0.23,0.793,,0.61858004,0.16259001,5500.0,1.0,strong_buy,2.0,
SJVN.NS,2026-10-06,SJVN Limited,Utilities,Utilities - Renewable,224587792384.0,35.27778,11.894653,1.5784241,,,226.528,-0.017,0.52,0.12771,0.45679,2.62,0.497,,0.81845003,0.05711,69.5,,none,2.0,
SBILIFE.NS,2026-10-06,SBI Life Insurance Company Limited,Financial Services,Insurance - Life,1756761686016.0,67.08046,50.560535,8.724599,0.13703,0.00349,,0.218,0.188,0.021389998,0.01711,0.16,0.362,1.063,0.58816004,0.31049,2311.389,1.2,strong_buy,36.0,1784887200.0
SRF.NS,2026-10-06,SRF Limited,Industrials,Conglomerates,728773427200.0,33.71315,27.261,5.1899996,,,36.195,0.756,0.318,0.12715,0.2217,0.41,0.163,,0.52386004,0.29271,2917.6897,,none,29.0,1784714400.0
SAGILITY.NS,2026-10-06,Sagility Limited,Healthcare,Health Information Services,200735375360.0,20.226418,14.454014,2.0430722,,,11.497,0.438,0.276,0.13036,0.15795,0.47,,,0.5095,0.23118,56.41667,1.16667,strong_buy,12.0,
SAILIFE.NS,2026-10-06,Sai Life Sciences Limited,Healthcare,Diagnostics & Research,329014575104.0,91.48848,61.996273,13.185494,,,11.614,0.208,0.117,0.16075,0.18414,0.0,,,0.36291,0.43848,1552.6666,,none,6.0,
MOTHERSON.NS,2026-10-06,Samvardhana Motherson International Limited,Consumer Cyclical,Auto Parts,1684891631616.0,38.551807,23.03549,4.1115856,,,43.908,1.042,0.166,0.033570003,0.04978,0.32,1.067,,0.59464,0.25702998,172.22726,1.81818,buy,22.0,1786010400.0
SAMMAANCAP.NS,2026-10-06,Sammaan Capital Limited,Financial Services,Mortgage Finance,153866600448.0,,,0.57659525,,,273.033,-0.5,-0.245,0.0,0.52972,0.0,0.611,,0.35666,0.11215,,,none,,1786615200.0
SARDAEN.NS,2026-10-06,Sarda Energy & Minerals Limited,Basic Materials,Steel,176437313536.0,15.622466,10.578914,2.3958657,,,35.204,0.054,-0.015,0.19941,0.35115,0.4,0.52,,0.74848,0.02885,,,none,,
SCHNEIDER.NS,2026-10-06,Schneider Electric Infrastructure Limited,Industrials,Electrical Equipment & Parts,304905453568.0,165.82574,53.355648,39.322826,,,70.795,-0.698,0.048,0.06292,0.03873,0.0,0.423,,0.76943,0.061550003,1416.6666,,none,3.0,
SANSERA.NS,2026-10-06,Sansera Engineering Limited,Consumer Cyclical,Auto Parts,264507736064.0,81.63553,46.735275,8.541512,,,19.023,0.383,0.333,0.09284,0.13137001,0.09,0.769,,0.29202,0.50191003,4069.7693,2.0,buy,13.0,
SHREECEM.NS,2026-10-06,Shree Cement Limited,Basic Materials,Building Materials,797023731712.0,49.095436,32.04326,3.4254766,,,8.013,-0.177,0.18,0.07445,0.09405,0.64,0.297,,0.72754997,0.20663,27841.676,2.37838,buy,37.0,1792749600.0
SHRIRAMFIN.NS,2026-10-06,Shriram Finance Limited,Financial Services,Credit Services,2260335067136.0,16.96274,13.40892,2.7419157,0.18495001,,276.215,0.295,0.428,0.50009996,0.68518996,1.11,0.606,,0.22171,0.59745,1194.25,1.34375,strong_buy,32.0,1784887200.0
SCI.NS,2026-10-06,The Shipping Corporation of India Limited,Industrials,Marine Shipping,133824053248.0,8.270005,87.0606,1.470543,,,29.454,0.75,0.403,0.25642002,0.32518002,2.58,0.519,,0.63749003,0.04798,,,none,,
SHYAMMETL.NS,2026-10-06,Shyam Metalics and Energy Limited,Basic Materials,Steel,290517286912.0,26.750385,15.454827,2.5807953,,,8.133,0.207,0.235,0.057350002,0.09275,0.44,0.499,,0.76,0.14666,1161.6666,1.33333,strong_buy,9.0,
SCHAEFFLER.NS,2026-10-06,Schaeffler India Limited,Consumer Cyclical,Auto Parts,598643048448.0,47.25478,38.05259,9.758335,0.21645,0.12267999,0.783,0.13,0.173,0.119320005,0.14774999,0.91,0.127,2.487,0.74297,0.18375,4823.7144,1.71429,buy,7.0,1784714400.0
ENRIN.NS,2026-10-06,Siemens Energy India Limited,Utilities,Utilities - Renewable,1186308685824.0,80.13471,59.169315,24.654188,,,4.483,0.678,0.393,0.15769,0.21937999,0.12,,,0.27528998,0.55514,3855.6,2.13333,buy,15.0,
SIEMENS.NS,2026-10-06,Siemens Limited,Industrials,Specialty Industrial Machinery,1364475772928.0,93.932335,56.536793,9.8587885,,,2.213,4.061,0.148,0.19017,0.074889995,0.49,0.568,,0.76905996,0.10880999,3967.5557,2.66667,hold,27.0,1786442400.0
SOBHA.NS,2026-10-06,Sobha Limited,Real Estate,Real Estate - Development,127146721280.0,54.457172,16.432066,2.6938226,,,24.62,2.74,0.5,0.04106,0.03862,0.5,0.511,,0.58476,0.27296,1747.5,1.33333,strong_buy,18.0,
SONACOMS.NS,2026-10-06,Sona BLW Precision Forgings Limited,Consumer Cyclical,Auto Parts,508664676352.0,72.76786,48.313274,8.470877,,,7.213,0.443,0.524,0.14212,0.16643,0.45,0.489,,0.27913,0.6918,770.7778,,none,18.0,1784800800.0
STARHEALTH.NS,2026-10-06,Star Health and Allied Insurance Company Limited,Financial Services,Insurance - Life,324975263744.0,38.568436,19.700838,3.2044883,0.07507,0.025309999,,1.096,14.078,0.03619,0.13664,0.0,0.193,,0.62183,0.24046,650.13635,1.80952,buy,22.0,1793095200.0
SAIL.NS,2026-10-06,Steel Authority of India Limited,Basic Materials,Steel,725939781632.0,16.997099,11.080051,1.2037588,,,52.899,1.211,0.013,0.03844,0.09877,1.33,1.045,,0.65098,0.16966,179.2143,3.03571,hold,28.0,1784887200.0
SIGNATURE.NS,2026-10-06,Signatureglobal (India) Limited,Real Estate,Real Estate - Development,101870755840.0,9.769292,13.139602,5.5012765,,,161.04,,-0.362,0.45731997,-0.09312,0.0,0.816,,0.76808,0.12384,1092.4,,none,5.0,
SBIN.NS,2026-10-06,State Bank of India,Financial Services,Banks - Regional,8823547887616.0,10.245444,9.087684,1.4187145,0.15177,0.01132,,0.099,0.103,0.22376,0.35717,1.81,0.415,,0.57231,0.29318002,1261.8206,1.45,strong_buy,39.0,1786096800.0
SOLARINDS.NS,2026-10-06,Solar Industries India Limited,Basic Materials,Specialty Chemicals,1810344050688.0,90.9157,56.980526,28.840012,,,23.271,0.927,0.703,0.17543,0.25502002,0.06,0.303,,0.43919,0.45041,22455.295,1.70588,buy,17.0,1786615200.0
STLTECH.NS,2026-10-06,Sterlite Technologies Limited,Technology,Communication Equipment,526060683264.0,211.8737,31.24415,22.025051,,,85.626,17.55,0.874,0.04306,0.15707,0.0,1.596,,0.50834,0.20719999,1353.3334,1.66667,buy,3.0,
SUMICHEM.NS,2026-10-06,Sumitomo Chemical India Limited,Basic Materials,Agricultural Inputs,208393338880.0,36.20989,28.602413,6.1479335,,,1.865,0.204,0.006,0.17858,0.20319,0.31,0.207,,0.75462997,0.09693,601.125,,none,8.0,
SUNPHARMA.NS,2026-10-06,Sun Pharmaceutical Industries Limited,Healthcare,Drug Manufacturers - Specialty & Generic,4305846272000.0,35.60714,27.70744,5.152381,,,5.517,0.274,0.105,0.20188999,0.23247999,0.9,0.135,,0.55608004,0.29451,2172.1562,1.75758,buy,32.0,1785492000.0
SUNTV.NS,2026-10-06,Sun TV Network Limited,Communication Services,Broadcasting,248943247360.0,16.26416,14.195506,1.9648155,,,0.837,0.17,0.13,0.33966,0.43866003,3.19,0.119,,0.78471,0.13588001,633.9091,1.63636,buy,11.0,1786528800.0
SUNDARMFIN.NS,2026-10-06,Sundaram Finance Limited,Financial Services,Credit Services,477209034752.0,22.141142,19.554241,3.2298758,,,409.161,0.338,0.268,0.4609,0.6055,0.94,0.165,,0.0,0.16424,5105.3335,,none,9.0,1785751200.0
SUPREMEIND.NS,2026-10-06,The Supreme Industries Limited,Industrials,Building Products & Equipment,447963332608.0,43.37394,33.637897,7.258299,,,1.473,0.387,0.042,0.09115,0.10142,1.06,0.207,,0.51687,0.29387,3965.1724,,none,29.0,1785232800.0
SUZLON.NS,2026-10-06,Suzlon Energy Limited,Industrials,Specialty Industrial Machinery,537485115392.0,17.149122,18.476688,5.4969773,0.39366,,2.807,-0.083,0.225,0.18090001,0.1305,0.0,0.68,1.969,0.17643999,0.23200001,62.25846,1.38462,strong_buy,13.0,1785232800.0
SYNGENE.NS,2026-10-06,Syngene International Limited,Healthcare,Diagnostics & Research,145585405952.0,65.88343,33.93526,3.0040283,,,9.473,,-0.158,0.061389998,0.03899,0.35,0.067,,0.52819,0.38354,501.875,,none,8.0,1785319200.0
SWANCORP.NS,2026-10-06,Swan Corp Limited,Industrials,Conglomerates,83066077184.0,37.642044,,1.1022011,,,24.561,,-0.164,0.053590003,-0.03392,0.06,-0.154,,0.55617,0.18281999,,,none,,
SYRMA.NS,2026-10-06,Syrma SGS Technology Limited,Technology,Electronic Components,323609952256.0,86.464226,53.424053,11.22822,,,13.045,0.86,0.683,0.06737,0.08756,0.09,0.181,,0.59611,0.17337,1575.5925,1.66667,buy,27.0,
TDPOWERSYS.NS,2026-10-06,TD Power Systems Limited,Industrials,Specialty Industrial Machinery,257506263040.0,93.38453,55.183193,23.928696,,,1.689,0.72,0.721,0.12945,0.17884001,0.13,0.597,,0.27227,0.37775,887.75,,none,2.0,
TVSMOTOR.NS,2026-10-06,TVS Motor Company Limited,Consumer Cyclical,Auto Manufacturers,,54.975742,34.565002,56.41204,,,306.09,0.671,0.343,0.05691,0.13137999,0.3,-0.034,,0.52267,0.3045,4217.081,2.08108,buy,37.0,
SWIGGY.NS,2026-10-06,Swiggy Limited,Consumer Cyclical,Internet Retail,633385451520.0,,-42.391308,3.4400568,,,13.929,,0.373,-0.1505,-0.13916999,0.0,,,0.40015998,0.36335,364.07407,2.0,buy,27.0,
TBOTEK.NS,2026-10-06,TBO Tek Limited,Consumer Cyclical,Travel Services,180571717632.0,68.76779,33.703568,11.661587,,,48.762,0.323,0.811,0.08561,0.11933,0.0,0.64,,0.67677003,0.28166,1915.5385,1.15385,strong_buy,13.0,
TATACAP.NS,2026-10-06,Tata Capital Limited,Financial Services,Credit Services,1357353320448.0,25.266876,15.103812,2.9596734,,,502.931,0.472,0.403,0.39678,0.57055,0.18,,,0.85973,0.04921,406.7857,1.64286,buy,14.0,
TATACOMM.NS,2026-10-06,Tata Communications Limited,Communication Services,Telecom Services,478943870976.0,50.526318,21.445099,13.890152,,,335.854,-0.294,0.105,0.0372,0.07454,1.04,0.816,,0.60467,0.25079,2108.5454,1.81818,buy,11.0,1784714400.0
TATACHEM.NS,2026-10-06,Tata Chemicals Limited,Basic Materials,Chemicals,157362946048.0,,19.865894,0.74206847,,,36.081,,0.144,-0.14319,0.051469997,1.78,0.615,,0.38709998,0.26826,716.7778,,none,9.0,1785146400.0
TCS.NS,2026-10-06,Tata Consultancy Services Limited,Technology,Information Technology Services,,15.175796,12.891278,6.894401,0.47743,0.24479,10.211,0.046,0.139,0.18052,0.23963,3.07,0.182,2.276,0.71794,0.17581,2431.0977,2.2439,buy,41.0,1791453600.0
TATAINVEST.NS,2026-10-06,Tata Investment Corporation Limited,Financial Services,Asset Management,317106028544.0,107.689,,1.085193,,,0.007,-0.018,0.041,1.05248,0.91651,0.55,0.323,,0.73807997,0.02085,,,none,,
TMCV.NS,2026-10-06,Tata Motors Limited,Consumer Cyclical,Auto Manufacturers,1572551000064.0,36.495728,18.230568,12.34782,,,44.095,0.834,0.193,0.04809,0.06852,0.94,,,0.45167,0.25817,528.65,,none,20.0,
TATAELXSI.NS,2026-10-06,Tata Elxsi Limited,Technology,Software - Application,192543031296.0,29.411877,21.68257,6.3305635,,,5.336,0.181,0.145,0.1674,0.18971,2.42,0.376,,0.44849998,0.14649001,3584.0667,3.4,hold,15.0,1784023200.0
TATACONSUM.NS,2026-10-06,Tata Consumer Products Limited,Consumer Defensive,Packaged Foods,959256985600.0,58.671307,40.539856,4.4022,,,12.159,0.279,0.119,0.078379996,0.10458,1.05,0.399,,0.34370998,0.3455,1343.0,1.75,buy,26.0,1784887200.0
TMPV.NS,2026-10-06,Tata Motors Passenger Vehicles Limited,Consumer Cyclical,Auto Manufacturers,1054624841728.0,,6.0258117,0.94090086,,,70.364,-0.803,-0.082,0.22814,0.02688,1.04,0.842,,0.44088,0.26195,360.16,2.84,hold,25.0,1786615200.0
TATASTEEL.NS,2026-10-06,Tata Steel Limited,Basic Materials,Steel,2218681696256.0,20.097174,9.936313,2.1732118,,,89.017,0.114,0.143,0.04602,0.09252,2.25,0.834,,0.35404998,0.34444,217.77142,2.4,buy,35.0,1785405600.0
TATAPOWER.NS,2026-10-06,The Tata Power Company Limited,Utilities,Utilities - Independent Power Producers,1135144337408.0,29.432478,21.572535,2.8755171,,,168.051,0.109,0.056,0.060890004,0.14453,0.71,0.389,,0.48708,0.20334,411.99994,2.31818,buy,22.0,1785146400.0
TATATECH.NS,2026-10-06,Tata Technologies Limited,Technology,Information Technology Services,284500230144.0,51.067783,29.938112,7.250104,,,23.908,0.062,0.338,0.094,0.13259,1.2,0.891,,0.60145,0.07911,742.5,3.5,hold,14.0,
TECHNOE.NS,2026-10-06,Techno Electric & Engineering Company Limited,Industrials,Engineering & Construction,114671378432.0,26.605503,16.94158,2.7575715,,,1.744,-0.315,0.198,0.12845,0.14791,0.72,0.764,,0.5696,0.26027,1432.0,,none,4.0,
TTML.NS,2026-10-06,Tata Teleservices (Maharashtra) Limited,Communication Services,Telecom Services,66780332032.0,179.78947,,-0.3341779,,,,,0.061,0.03187,0.43648,0.0,0.436,,0.74358004,0.01985,,,none,,
TEGA.NS,2026-10-06,Tega Industries Limited,Industrials,Specialty Industrial Machinery,157249781760.0,545.0782,23.812288,4.6152525,,,11.693,,3.84,0.00691,0.10032,0.1,0.375,,0.67437,0.18504,1798.75,,none,4.0,
TEJASNET.NS,2026-10-06,Tejas Networks Limited,Technology,Communication Equipment,84622663680.0,,,2.8845627,,,142.52,,0.991,-0.70371,-0.48416,0.0,0.033,,0.015700001,0.60705,,,none,,1785146400.0
TENNIND.NS,2026-10-06,Tenneco Clean Air India Limited,Consumer Cyclical,Auto Parts,198997098496.0,33.112827,24.527275,16.60772,,,4.289,-0.459,0.201,0.10609,0.14185001,0.0,,,0.58058,0.26244,641.4286,1.57143,buy,7.0,
NIACL.NS,2026-10-06,The New India Assurance Company Limited,Financial Services,Insurance - Diversified,264635842560.0,34.682507,8.302999,0.6866267,,,,,0.015,0.0148599995,-0.01652,0.95,1.137,,0.85436994,0.108260006,170.33333,2.66667,hold,3.0,1784887200.0
TECHM.NS,2026-10-06,Tech Mahindra Limited,Technology,Information Technology Services,1329771053056.0,25.9509,17.098076,4.488529,,,7.269,0.283,0.177,0.086780004,0.14409,3.32,0.151,,0.37095,0.44032001,1650.7693,2.20513,buy,39.0,1792058400.0
THERMAX.NS,2026-10-06,Thermax Limited,Industrials,Conglomerates,361636036608.0,60.96278,35.9579,6.5175424,,,42.166,-0.834,0.071,0.05474,0.0039500003,0.43,0.302,,0.73658997,0.18749,4377.7144,2.71429,hold,21.0,1785405600.0
THANGAMAYL.NS,2026-10-06,Thangamayil Jewellery Limited,Consumer Cyclical,Luxury Goods,147515260928.0,36.842102,26.03877,10.417742,,,64.492,0.861,0.712,0.040700004,0.04855,0.38,0.593,,0.63651,0.19399999,6543.3335,2.0,buy,3.0,
TIMKEN.NS,2026-10-06,Timken India Limited,Industrials,Tools & Accessories,236788580352.0,56.114082,37.605114,8.12429,,,0.5,0.148,0.166,0.118389994,0.15506,0.08,0.395,,0.52395,0.3049,3982.0,,none,7.0,1785837600.0
RAMCOCEM.NS,2026-10-06,The Ramco Cements Limited,Basic Materials,Building Materials,200104198144.0,31.272156,32.293453,2.472403,,,47.897,-0.633,0.096,0.06988,0.0513,0.3,0.104,,0.49148,0.31046,950.4839,3.19355,hold,31.0,1786096800.0
TITAGARH.NS,2026-10-06,Titagarh Rail Systems Limited,Industrials,Railroads,108553781248.0,57.657368,23.707352,4.4612517,,,25.363,0.67,0.126,0.06072,0.10446,0.12,0.82,,0.40615,0.20506,986.3,,none,10.0,
TITAN.NS,2026-10-06,Titan Company Limited,Consumer Cyclical,Luxury Goods,4032301891584.0,69.05334,51.085796,25.692284,,,195.001,0.628,0.293,0.062319998,0.123339996,0.33,0.229,,0.58761,0.2197,5421.5,1.80556,buy,36.0,1786096800.0
TORNTPOWER.NS,2026-10-06,Torrent Power Limited,Utilities,Utilities - Independent Power Producers,620103729152.0,26.688353,20.375963,3.2508168,,,70.885,-0.127,0.028,0.079629995,0.14002,1.62,0.642,,0.62308997,0.26771,1492.5834,2.33333,buy,12.0,1785751200.0
TARIL.NS,2026-10-06,Transformers and Rectifiers (India) Limited,Industrials,Electrical Equipment & Parts,85622300672.0,33.09165,22.227278,5.530244,,,29.595,-0.085,0.081,0.10132,0.15117,0.09,-0.269,,0.64405,0.06403,344.33334,,none,3.0,
TORNTPHARM.NS,2026-10-06,Torrent Pharmaceuticals Limited,Healthcare,Drug Manufacturers - Specialty & Generic,1815115464704.0,76.30316,51.237114,19.253426,,,85.446,-0.082,0.548,0.13874,0.21764,0.8,0.135,,0.6318,0.19477,5444.357,1.71429,buy,28.0,1785405600.0
TRENT.NS,2026-10-06,Trent Limited,Consumer Cyclical,Apparel Retail,1549573029888.0,85.67217,56.900677,22.185238,,,36.034,0.207,0.178,0.08637,0.1249,0.16,0.383,,0.41858003,0.30245,3396.0618,1.81481,buy,27.0,1786010400.0
TRIDENT.NS,2026-10-06,Trident Limited,Consumer Cyclical,Textile Manufacturing,114701598720.0,28.49367,19.573914,2.4054286,,,38.323,0.148,0.047,0.05829,0.13338,2.29,0.12,,0.75532997,0.025109999,29.0,,none,2.0,
TRITURBINE.NS,2026-10-06,Triveni Turbine Limited,Industrials,Specialty Industrial Machinery,170235691008.0,50.281693,34.609837,11.756054,,,2.476,-0.212,0.192,0.14930001,0.09465,0.76,0.607,,0.59731,0.2601,686.0,1.88889,buy,9.0,
UNOMINDA.NS,2026-10-06,Uno Minda Limited,Consumer Cyclical,Auto Parts,646301286400.0,53.781834,35.742615,9.462532,,,37.74,0.012,0.238,0.05801,0.071090005,0.24,0.313,,0.68487,0.20271999,1325.3889,2.16667,buy,18.0,1785837600.0
UCOBANK.NS,2026-10-06,UCO Bank,Financial Services,Banks - Regional,292297113600.0,10.40625,16.65,0.8645821,0.08541001,0.00735,,0.083,0.53,0.21541001,0.60444,1.9,0.728,,0.90950996,0.02616,,,none,,
TIINDIA.NS,2026-10-06,Tube Investments of India Limited,Industrials,Conglomerates,473923125248.0,78.295494,32.92939,6.113414,,,5.363,-0.153,0.168,0.02626,0.06048,0.15,0.016,,0.43925,0.38165,3331.8333,,none,6.0,1786701600.0
UPL.NS,2026-10-06,UPL Limited,Basic Materials,Agricultural Inputs,427587010560.0,21.562235,10.73836,1.2307546,,,57.128,,0.105,0.03825,0.06561,1.19,0.539,,0.33733,0.41974998,731.2353,,none,17.0,1785751200.0
UTIAMC.NS,2026-10-06,UTI Asset Management Company Limited,Financial Services,Asset Management,113835220992.0,24.73052,15.530774,2.5266762,,,3.129,0.24,0.067,0.26583,0.63324,4.49,0.373,,0.34737,0.51761,1062.8235,2.05882,buy,17.0,
ULTRACEMCO.NS,2026-10-06,UltraTech Cement Limited,Basic Materials,Building Materials,3162617675776.0,37.05708,24.87926,4.1269016,,,29.432,0.168,0.159,0.092930004,0.15478,2.21,0.487,,0.61939996,0.22659999,13928.378,1.45946,strong_buy,37.0,1792404000.0
UNIONBANK.NS,2026-10-06,Union Bank of India,Financial Services,Banks - Regional,1278628986880.0,6.192237,6.1791677,0.91645235,0.15798001,0.01349,,0.274,0.164,0.40460998,0.488,2.98,0.92,,0.74757004,0.15100999,196.76471,2.05882,buy,17.0,1784109600.0
UBL.NS,2026-10-06,United Breweries Limited,Consumer Defensive,Beverages - Brewers,311442833408.0,78.36993,43.41866,6.887136,,,29.076,-0.095,0.071,0.0419,0.06418,0.85,-0.013,,0.72827005,0.20589,1427.0526,3.10526,hold,19.0,1785837600.0
UNITDSPR.NS,2026-10-06,United Spirits Limited,Consumer Defensive,Beverages - Wineries & Distilleries,964965302272.0,58.678757,44.367252,10.778102,,,4.611,0.112,-0.102,0.14917,0.13164,1.24,0.207,,0.59487,0.25002,1577.24,1.76,buy,25.0,
URBANCO.NS,2026-10-06,Urban Company Limited,Technology,Software - Application,254823071744.0,,-197.80309,12.449641,,,6.335,,0.436,-0.19415002,-0.20523001,0.0,,,0.32806,0.51778,149.0,,none,9.0,
VBL.NS,2026-10-06,Varun Beverages Limited,Consumer Defensive,Beverages - Non-Alcoholic,1491172851712.0,44.085,37.74543,6.8491135,0.16853,0.09782,15.869,0.157,0.204,0.14035,0.24119,0.46,0.286,2.034,0.60586,0.22833,548.7778,1.40741,strong_buy,27.0,1785232800.0
VTL.NS,2026-10-06,Vardhman Textiles Limited,Consumer Cyclical,Textile Manufacturing,156606414848.0,18.172657,12.337515,1.4644896,,,17.52,0.492,0.133,0.08324,0.12849,0.94,0.215,,0.65511,0.16127001,612.6667,2.83333,hold,6.0,
VAML.NS,2026-10-06,Vedanta Aluminium Metal Limited,Basic Materials,Aluminum,1565371269120.0,41.420456,6.869415,,,,,2.163,0.46,0.56257,0.45308998,4.03,,,0.58387,0.19397,537.9231,1.38462,strong_buy,13.0,
VEDL.NS,2026-10-06,Vedanta Limited,Basic Materials,Other Industrial Metals & Mining,1035163009024.0,11.152714,8.245098,2.0848408,,,48.044,0.722,-0.373,0.23205,0.3116,10.59,0.362,,0.5707,0.18486,314.8889,1.83333,buy,9.0,1785405600.0
USHAMART.NS,2026-10-06,Usha Martin Limited,Basic Materials,Steel,157466263552.0,28.53282,22.713501,4.7689285,,,6.922,0.408,0.164,0.13215,0.16892,0.73,0.332,,0.40173,0.26821,616.5,1.0,strong_buy,4.0,
VISL.NS,2026-10-06,Vedanta Iron and Steel Limited,Basic Materials,Steel,119853391872.0,,,-4.1363025,,,,,0.123,0.64225,0.09917,0.0,,,0.58387,0.121379994,,,none,,
VOGL.NS,2026-10-06,Vedanta Oil and Gas Limited,Basic Materials,Other Industrial Metals & Mining,121887735808.0,,,-0.15384084,,,,,0.089,4.20828,0.08935001,0.0,,,0.58387,0.10585,,,none,,
VMM.NS,2026-10-06,Vishal Mega Mart Limited,Consumer Cyclical,Department Stores,473915260928.0,53.52381,37.467224,6.3650665,,,26.817,0.25,0.187,0.0661,0.09636,0.0,,,0.40023,0.47943002,145.36842,1.26316,strong_buy,19.0,
VEDPOWER.NS,2026-10-06,Vedanta Power Limited,Utilities,Utilities - Independent Power Producers,126221361152.0,,,2.8367114,0.00875,0.03827,,,0.31,0.0060900003,0.02543,0.0,,0.571,0.58547,0.10837,,,none,,
IDEA.NS,2026-10-06,Vodafone Idea Limited,Communication Services,Telecom Services,1424710828032.0,3.7787354,-8.883334,-3.9848485,,,,,0.061,0.82278,-0.03766,0.0,0.737,,0.74638003,0.09778,12.22545,3.27273,hold,22.0,1786356000.0
WAAREEENER.NS,2026-10-06,Waaree Energies Limited,Technology,Solar,687055175680.0,17.976217,14.572129,4.756092,,,21.402,0.142,0.792,0.12703,0.13994001,0.17,,,0.6815,0.09105,3267.1428,2.14286,buy,14.0,
VIJAYA.NS,2026-10-06,Vijaya Diagnostic Centre Limited,Healthcare,Diagnostics & Research,151705337856.0,80.66265,53.618496,15.827254,,,44.15,0.373,0.228,0.21874,0.31785,0.14,0.362,,0.5348,0.39417,1540.3,1.33333,strong_buy,10.0,
VOLTAS.NS,2026-10-06,Voltas Limited,Consumer Cyclical,"Furnishings, Fixtures & Appliances",352888586240.0,79.17594,33.58029,5.5344524,,,15.51,0.52,0.187,0.02999,0.052249998,0.38,0.196,,0.36942002,0.40704,1315.2222,2.55556,hold,36.0,1786701600.0
WELSPUNLIV.NS,2026-10-06,Welspun Living Limited,Consumer Cyclical,Textile Manufacturing,223715573760.0,81.941376,25.77332,4.6349645,,,46.501,0.837,0.237,0.02795,0.084680006,0.04,0.22,,0.68975997,0.14964,206.72726,1.41667,strong_buy,11.0,
WELCORP.NS,2026-10-06,Welspun Corp Limited,Basic Materials,Steel,699949383680.0,31.640244,24.121504,7.6475825,,,25.042,1.983,0.149,0.13348,0.13912,0.2,0.578,,0.49845,0.28365,2608.5562,1.25,strong_buy,8.0,
WHIRLPOOL.NS,2026-10-06,Whirlpool of India Limited,Consumer Cyclical,"Furnishings, Fixtures & Appliances",110674542592.0,44.084934,25.0142,2.6595826,,,8.621,-0.294,0.121,0.03013,0.031040002,0.57,0.378,,0.42369998,0.39185002,951.0909,2.54545,hold,11.0,1785924000.0
WIPRO.NS,2026-10-06,Wipro Limited,Technology,Information Technology Services,1595613642752.0,12.810166,11.603378,2.0592442,0.16128999,0.07263,27.398,0.009,0.106,0.13919,0.15698,4.93,0.408,1.672,0.72688,0.13325,173.525,3.35,hold,40.0,1792058400.0
WOCKPHARMA.NS,2026-10-06,Wockhardt Limited,Healthcare,Drug Manufacturers - Specialty & Generic,351795576832.0,85.9468,,7.1115346,,,42.284,,0.259,0.11196,0.14316,0.0,1.004,,0.5102,0.13375,,,none,,
ZFCVINDIA.NS,2026-10-06,ZF Commercial Vehicle Control Systems India Limited,Consumer Cyclical,Auto Parts,249040584704.0,2.2969697,32.869698,6.7480145,,,1.485,-0.146,0.093,0.118599996,0.09907,0.18,-0.0,,0.60268,0.26081,2928.25,,none,4.0,
ZEEL.NS,2026-10-06,Zee Entertainment Enterprises Limited,Communication Services,Broadcasting,69906604032.0,34.33019,9.131939,0.58829236,,,2.26,-0.473,0.045,0.025139999,0.01856,2.72,0.668,,0.05035,0.14667,102.66667,2.76923,hold,12.0,1786356000.0
YESBANK.NS,2026-10-06,Yes Bank Limited,Financial Services,Banks - Regional,655717564416.0,17.264462,11.488374,1.2558614,0.074650005,0.00863,,0.308,0.09,0.23185,0.30765,0.0,0.539,,0.44162998,0.18029,21.07692,4.23077,underperform,13.0,
ZENSARTECH.NS,2026-10-06,Zensar Technologies Limited,Technology,Information Technology Services,101288640512.0,12.734531,11.710609,2.1529324,,,1.68,0.009,0.089,0.13362001,0.12755999,3.32,0.232,,0.50152,0.25447,569.3333,1.91667,buy,12.0,
ZYDUSLIFE.NS,2026-10-06,Zydus Lifesciences Limited,Healthcare,Drug Manufacturers - Specialty & Generic,1156904910848.0,25.848007,23.605898,4.3045797,,,42.304,-0.359,0.22,0.15784,0.16438,0.09,0.371,,0.75188005,0.16224001,1204.0856,2.51724,hold,29.0,1786442400.0
ZENTEC.NS,2026-10-06,Zen Technologies Limited,Industrials,Aerospace & Defense,144834641920.0,80.354294,30.742651,8.057906,,,0.95,-0.279,-0.105,0.26845,0.21792,0.06,0.397,,0.4991,0.115959994,1822.5,2.0,buy,6.0,
ZYDUSWELL.NS,2026-10-06,Zydus Wellness Limited,Consumer Defensive,Packaged Foods,158762188800.0,84.29054,30.826254,2.7250633,,,54.974,-0.07,0.669,0.041479997,0.12874,0.25,-0.101,,0.69852996,0.21285999,618.875,1.5,strong_buy,8.0,
BAGMANE.NS,2026-10-06,,,,,,,,,,,,,,,,,,,,,,,,
ECLERX.NS,2026-10-06,eClerx Services Limited,Technology,Information Technology Services,175004450816.0,24.829613,19.368145,6.868194,,,15.012,0.188,0.233,0.16814,0.18712,0.05,0.399,,0.5825,0.32578,1979.5,2.5,buy,10.0,
